学科,技能名称,子分类,skills类型,简介,tool_chain_key,实现情况
化学与分子信息学,3D分子结构渲染工具,数据可视化,脚本,用于渲染通用小分子的三维结构，支持MOL、SDF格式。,molPreview,已实现
化学与分子信息学,CP2K,预测与建模,脚本,量子化学与固体物理模拟软件包，主要用于原子级别的分子动力学模拟。,CP2K,未实现
化学与分子信息学,ChEMBL药物检索,数据分析,脚本,根据药物名称、审批状态或其他条件检索ChEMBL数据库中的药物信息,chembl,已实现
化学与分子信息学,LAMMPS,预测与建模,脚本,开源的分子动力学模拟软件，常被用于模拟液体、固体或气态的粒子集合。（磐石：支持对话调用）,lammps,未实现
化学与分子信息学,OpenTargets_按ChEMBL ID获取父分子和子分子,数据分析,脚本,获取指定药物ChEMBL ID的父分子和子分子,opentargetsChemblId,未实现
化学与分子信息学,转录组学标准全流程,转录组学,脚本,一键生成 scRNA-seq 质控、降维聚类、细胞注释、差异分析与通路富集的标准工作流。,x,未实现
化学与分子信息学,三维分子结构可视化,数据分析,脚本,使用RDKit和py3Dmol实现分子三维结构可视化。支持SMILES、MOL文件、SDF内容输入，提供多种可视化风格与交互式3D查看功能。,,未实现
化学与分子信息学,二维分子结构可视化,数据分析,脚本,使用RDKit可视化二维分子结构。支持SMILES、InChI、分子名称等多种输入格式，可输出PNG、SVG及交互式HTML等多种格式。,,未实现
化学与分子信息学,代谢物名称检索,数据分析,脚本,通过RefMet命名法检索代谢物/化合物名称，返回标准化化合物信息（包括分子式、精确质量和分类），适用于通过常用名查找代谢物。,,未实现
化学与分子信息学,依据ChEMBL ID查询药物作用机制,数据分析,脚本,通过ChEMBL ID检索特定药物的作用机制信息。,chemblId,未实现
化学与分子信息学,分子可视化工具,数据可视化,脚本,基于RDKit.js，支持从多种格式读取分子结构并生成2D图像。,rdkitMolecularViewer,未实现
化学与分子信息学,分子格式转换工具,数据处理,脚本,基于RDKit，实现SMILES、SDF、Mol、InChI等化学结构格式的相互转换与标准化。（磐石：支持对话调用）,rdkitTransform,已实现
化学与分子信息学,分子检索,数据分析,脚本,通过名称、ChEMBL ID或其他条件检索分子。支持筛选和分页。注意：某些基于文本的筛选条件（特别是`pref_name__contains`）可能合法返回零结果，因为`pref_name`覆盖不完整且可能不包含常见药物名称。为确保可靠检索，建议优先使用基于ID的筛选条件如`molecule_chembl_id`，或当已有ChEMBL ID时使用`ChEMBL_get_molecule`。,,未实现
化学与分子信息学,化合物检索,数据分析,脚本,通过名称、结构（InChIKey、SMILES）或数据库ID检索化学物质与药物。返回来自DrugBank、ChEMBL、ChEBI和PubChem等数据源的注释信息。,,未实现
化学与分子信息学,化学组分审计信息获取,数据分析,脚本,获取化学组分的审计历史记录：操作类型、日期、详细信息、序号及处理站点,,未实现
化学与分子信息学,化学组分电荷与歧义性获取,数据分析,脚本,检索化学组分的形式电荷与歧义性标记,,未实现
化学与分子信息学,基于质荷比搜索代谢物,数据分析,脚本,通过质荷比(m/z)值从质谱数据中搜索代谢物，用于质谱实验中的代谢物鉴定。,,未实现
化学与分子信息学,子结构搜索,数据分析,脚本,通过SMILES子结构搜索分子。返回包含指定子结构的分子。,,未实现
化学与分子信息学,子结构搜索化合物,数据分析,脚本,在PubChem中搜索包含给定子结构(SMILES)的所有CID,,已实现
化学与分子信息学,实验室检测检索药物名称,数据分析,脚本,根据实验室检测信息检索药物名称,,未实现
化学与分子信息学,按剂型与规格检索药物名称,数据分析,脚本,根据特定剂型与规格信息检索药物名称,,未实现
化学与分子信息学,查询化合物关联专利,数据分析,脚本,获取与特定化合物CID关联的专利列表。,,未实现
化学与分子信息学,查询药品处置信息,数据分析,脚本,根据药品名称检索处置与废弃物处理信息,,未实现
化学与分子信息学,查询药物商品名,数据分析,脚本,根据药物的ChEMBL ID检索其关联的商品名,,未实现
化学与分子信息学,查询药物安全处理警告,数据分析,脚本,根据药物名称检索其安全处理警告信息,,未实现
化学与分子信息学,查询药物成分,数据分析,脚本,根据药物名称检索其成分列表。,,未实现
化学与分子信息学,查询药物活性成分,数据分析,脚本,获取特定药物产品中的活性成分列表,,未实现
化学与分子信息学,查询药物非活性成分,数据分析,脚本,根据药物名称获取特定药品中的非活性成分列表,,未实现
化学与分子信息学,根据ChEMBL ID查询药物警示信息,数据分析,脚本,通过ChEMBL ID检索特定药物的警示信息,chemblId,未实现
化学与分子信息学,根据ChEMBL ID获取药物名称,数据分析,脚本,根据ChEMBL ID获取药物的通用名和商品名（品牌名）。返回药物名称（通常为通用名）、商品名（品牌名）和同义词。,chemblId,未实现
化学与分子信息学,根据处置信息检索药物名称,数据分析,脚本,基于药物处置与废弃物处理信息检索药物名称,,未实现
化学与分子信息学,根据安全信息检索药物名称,数据分析,脚本,根据提供的安全信息检索药物名称，该工具会检索其他字段中可能未明确指定的安全信息。,,未实现
化学与分子信息学,根据活性成分检索药物名称,数据分析,脚本,根据活性成分信息检索药物名称,,未实现
化学与分子信息学,根据装配安装信息检索药物名称,数据分析,脚本,根据装配或安装说明检索药物名称。警告：该工具仅输出预定义的有限数量药物名称，不涵盖所有可能药物，请谨慎使用。,,未实现
化学与分子信息学,检索化合物结构警示,数据分析,脚本,通过分子或警示类型搜索化合物结构警示（毒性警告）。,,未实现
化学与分子信息学,检索含特定成分的药品名称,数据分析,脚本,根据药品中含有的特定成分检索药品名称,,未实现
化学与分子信息学,检索实验室检测干扰药物,数据分析,脚本,检索已知对实验室检测存在干扰的药物名称,,未实现
化学与分子信息学,检索活性数据,数据分析,脚本,通过分子、靶点、实验或活性值搜索ChEMBL数据库中的活性数据。支持按IC50、Ki、EC50等指标过滤。,,未实现
化学与分子信息学,检索相似小分子,数据分析,脚本,通过ChEMBL网络服务，根据给定的SMILES字符串、chembl_id或化合物/药物名称检索相似分子。注意：本工具仅适用于小分子化合物。生物制剂（抗体、蛋白质等）因缺乏SMILES结构而无法使用相似性检索。对于生物制剂的相似性检索，请使用BLAST_protein_search（需提供氨基酸序列）或UniProt_search。对于小分子，可使用PubChem_search_compounds_by_similarity（需提供SMILES输入）。,,已实现
化学与分子信息学,检索药物实验室检测干扰信息,数据分析,脚本,获取特定药物对实验室检测的干扰信息,,未实现
化学与分子信息学,检索药物环境警告,数据分析,脚本,根据药物名称获取其环境警告信息,,未实现
化学与分子信息学,相似分子检索,数据分析,脚本,基于Tanimoto相似度搜索与给定SMILES字符串相似的分子。返回相似度高于阈值的分子。,,未实现
化学与分子信息学,相似性搜索化合物,数据分析,脚本,基于Tanimoto相似度系数搜索化合物，返回与给定SMILES分子相似度高于阈值的化合物CID列表，最多返回10个CID（MaxRecords=10）。,,未实现
化学与分子信息学,精确质量搜索代谢物,数据分析,脚本,通过精确分子质量搜索代谢物。适用于从高分辨率质谱数据中鉴定未知代谢物。,,未实现
化学与分子信息学,药品标签参考文献检索药品名称,数据分析,脚本,根据药品标签中提供的参考文献信息检索药品名称,,未实现
化学与分子信息学,药物参考信息查询,数据分析,脚本,根据药物名称检索相关参考信息。,,未实现
化学与分子信息学,药物名称剂量查询工具,数据分析,脚本,根据药物的剂量和给药信息检索药物名称,,未实现
化学与分子信息学,药物实验室检测信息获取,数据分析,脚本,根据药物名称检索实验室检测信息,,未实现
化学与分子信息学,药物标识符交叉检索,数据分析,脚本,检索DrugBank ID与外部标识符（CAS、KEGG、PubChem、ChEBI、PharmGKB、UniProt等）及网络资源的交叉引用表。,,未实现
化学与分子信息学,药物词汇检索,数据分析,脚本,在DrugBank词汇数据集中通过名称、ID、同义词或其他字段进行文本查询搜索药物。返回详细的药物信息，包括DrugBank ID、通用名、CAS号、UNII和同义词。,,未实现
化学与分子信息学,获取分子信息,数据分析,脚本,通过ChEMBL ID获取分子的详细信息，包括分子属性、结构、同义词及相关数据。,,未实现
化学与分子信息学,获取分子结构图,数据分析,脚本,通过ChEMBL ID获取分子结构图像（SVG格式）。,,未实现
化学与分子信息学,获取化合物生物活性数据,数据分析,脚本,通过ChEMBL化合物记录ID获取该记录的所有生物活性测量数据,,未实现
化学与分子信息学,获取化合物记录信息,数据分析,脚本,通过ChEMBL化合物记录ID获取化合物记录信息,,未实现
化学与分子信息学,获取聚合物分子量,数据分析,脚本,检索聚合物实体的分子量,,未实现
化学与分子信息学,获取药品储存与处理信息,数据分析,脚本,根据药品名称检索其储存与处理信息,,未实现
化学与分子信息学,获取药物ChEMBL ID,数据分析,脚本,根据药物通用名获取其ChEMBL ID和描述信息。,chemblId,未实现
化学与分子信息学,获取药物剂型与规格,数据分析,脚本,根据药物名称检索其剂型与规格信息,,未实现
化学与分子信息学,获取药物同义词,数据分析,脚本,根据ChEMBL ID检索药物的同义词信息,,未实现
化学与分子信息学,获取药物详情,数据分析,脚本,通过ChEMBL药物ID获取药物详细信息，包括批准状态、适应症和作用机制。查找药物ID可使用ChEMBL药物搜索工具。,,未实现
化学与分子信息学,获取药物通用名,数据分析,脚本,根据药物的通用名或商品名获取其通用名称,,未实现
化学与分子信息学,获取配体详细信息,数据分析,脚本,通过GtoPdb配体ID获取特定配体的详细信息。返回包括化学结构（SMILES、InChI）、分子性质、临床数据、关联靶点及亲和力值、数据库交叉引用和同义词等全面数据。使用来自GtoPdb_list_ligands或搜索结果的配体ID。,,未实现
化学与分子信息学,获取配体键数,数据分析,脚本,获取给定PDB结构中每个配体的键数,,未实现
化学与分子信息学,通过PDB ID获取空间群,数据分析,脚本,获取晶体结构的空间群信息,pdbId,未实现
化学与分子信息学,通过PubChem CID查询代谢物信息,数据分析,脚本,通过PubChem化合物ID（CID）获取代谢物信息，可用于与PubChem数据进行交叉引用。,pubchemCid,未实现
化学与分子信息学,通过SMILES获取CID,数据分析,脚本,通过SMILES字符串检索对应的PubChem CID列表,smilesCid,已实现
生物医药,4DN实验元数据查询,数据分析,脚本,获取4DN实验的元数据，包括实验设计、生物源信息、协议详情和关联文件。返回实验类型（Hi-C变体、ATAC-seq、ChIP-seq）、细胞类型、处理状态和输出文件列表。前提条件：需要实验编号 - 通过使用FourDN_search_data（item_type='Experiment'）获取。用途：了解实验背景、查找实验的所有文件、检查数据来源。,4dn,未实现
生物医药,4DN文件元数据查询,数据分析,脚本,获取特定4DN文件的详细元数据，包括Hi-C接触矩阵、TAD（拓扑关联域）调用、A/B隔间注释和染色质环列表。返回文件类型、格式、大小（下载前请检查 - 文件可能达GB级）、描述、关联实验和生物来源信息。前提条件：需要文件编号 - 通过使用FourDN_search_data（item_type='File'）获取。用途：下载前检查文件详情、了解处理流程、获取质量指标。,4dn,未实现
生物医药,ADMET性质预测工具,预测与建模,脚本,预测一组化合物的 ADMET 药代动力学属性，包括溶解性、吸收、代谢、毒性等。（磐石：支持对话调用）,admet,未实现
生物医药,AlphaFold2,预测与建模,模型,根据蛋白质的氨基酸序列预测其三维结构。,AlphaFold2,未实现
生物医药,AlphaFold2-Multimer,预测与建模,模型,根据蛋白质的氨基酸序列预测其三维结构，预测精度高，适合需要高准确度的结构研究。（磐石：支持对话调用）,alphafold2Multimer,未实现
生物医药,AlphaFold数据库查询,信息检索,数据库调用,查询 AlphaFold 数据库并可选下载结构文件。（磐石：支持对话调用）,alphafold,未实现
生物医药,BiGG代谢物获取工具,数据分析,脚本,获取详细的代谢物信息，包括分子式、亚细胞区室和数据库交叉引用。可从特定模型或通用数据库查询。返回代谢物名称、分子式、区室位置以及指向KEGG、MetaCyc、HMDB、ChEBI的链接。显示包含该代谢物的模型。用途：化合物鉴定、分子式查询、数据库整合、代谢物注释。是理解代谢网络的关键工具。,bigg,未实现
生物医药,BiGG反应获取工具,数据分析,脚本,获取详细反应信息，包括化学计量学、代谢物、基因-反应规则和数据库链接。可从特定模型或通用数据库查询。返回反应方程式、带系数的参与代谢物、GPR（基因-蛋白质-反应）关联、边界条件及交叉引用（KEGG、MetaCyc、BRENDA）。用途：理解反应机制、基因关联、通量约束、途径分析。是代谢建模的必备工具。,bigg,未实现
生物医药,BiGG搜索,数据分析,脚本,在BiGG数据库中搜索模型、反应、代谢物或基因。返回带有ID、名称和生物信息的匹配条目。搜索类型：模型（查找生物）、反应（查找生化反应）、代谢物（查找化合物）、基因（查找基因名称/ID）。用途：发现、查找特定实体、跨模型搜索、识别通路。可对整个数据库进行灵活搜索。,bigg,未实现
生物医药,BiGG数据库版本获取工具,数据分析,脚本,获取BiGG Models数据库版本及最后更新日期。返回BiGG版本号、API版本和数据库最后更新时间戳。用途：检查数据时效性、版本控制、文档记录、可重复性。用于确保使用最新的代谢模型数据。,bigg,未实现
生物医药,BiGG模型列表,数据分析,脚本,获取BiGG数据库中所有基因组规模代谢模型的列表（85+个模型）。返回模型ID、生物体、反应数量、代谢物数量和基因数量，涵盖细菌、古菌和真核生物。模型包括大肠杆菌、酵母、人类及其他生物体。用途：发现可用模型、查找特定生物体模型、比较模型规模、代谢建模项目。是通量平衡分析的必要第一步。,bigg,未实现
生物医药,BiGG模型获取工具,数据分析,脚本,获取特定代谢模型的详细信息。返回生物、基因组登录号、反应/代谢物/基因数量以及文献参考（PMID）。用途：了解模型范围、检查模型时效性、查找文献、模型选择。下载或分析模型前的必要元数据。示例模型ID：iJO1366（大肠杆菌）、iMM904（酿酒酵母）、Recon3D（人类）。,bigg,未实现
生物医药,BioGPT,文本处理,模型,可用于生物医学命名实体识别、关系提取、文本摘要、对话生成等任务。（磐石：接入中...）,bioGPT,未实现
生物医药,BioGraph,数据可视化,脚本,专为基因表达数据和生物信息分析设计的可视化工具，可用于生成基因表达热图、PCA降维图等。（磐石：支持对话调用）,bioGraph,未实现
生物医药,BioStudies按集合搜索,数据分析,脚本,按特定集合搜索BioStudies（例如ArrayExpress、BioImages、EuropePMC）。集合是BioStudies内针对特定数据类型或领域精心整理的数据集。HTML响应会自动转换为Markdown格式。,biostudies,未实现
生物医药,BioStudies研究全文搜索,数据分析,脚本,搜索BioStudies存储库中的所有集合中的生物学研究。BioStudies是EMBL-EBI的一个综合存储库，托管多种研究类型，包括基因组学、转录组学、蛋白质组学、成像数据等。支持带分页和排序的全文搜索。HTML响应会自动使用markitdown转换为Markdown。,biostudies,未实现
生物医药,BioStudies研究详情查询,数据分析,脚本,通过 accession number 获取特定 BioStudies 研究的详细信息。返回包括属性、章节、文件和链接在内的完整研究元数据。支持多种 accession 格式（例如 ArrayExpress 的 S-BSST123、E-GEOD-12345）。HTML 响应会转换为 Markdown。,biostudies,未实现
生物医药,BioStudies获取实验数据,数据分析,脚本,通过实验ID获取BioStudies平台中特定实验的详细信息（注：原ArrayExpress数据库已整合至BioStudies平台，部分实验ID可能无法通过此接口访问）。若存在则返回完整的实验元数据。,biostudies,未实现
生物医药,CDC社会脆弱性指数数据集信息查询,数据分析,脚本,获取CDC社会脆弱性指数（SVI）数据相关信息。SVI数据通常可从CDC ATSDR网站下载为CSV文件。该工具提供可用SVI数据集及下载链接信息。注意：实际数据检索可能需要下载CSV文件。,cdc,未实现
生物医药,CELLxGENE_census版本获取,数据分析,脚本,获取可用的CELLxGENE Census版本列表，包含发布日期和描述。该Census包含来自5000万+细胞（人类、小鼠、非人灵长类）的单细胞RNA测序数据。最新长期支持版本：2025-11-08。前提条件：需要安装 'cellxgene-census' 包（安装命令：pip install tooluniverse[singlecell]）。用途：检查可用数据版本、选择稳定版或最新版、了解数据更新。,cellxgeneCensus,未实现
生物医药,CELLxGENE获取基因元数据,数据分析,脚本,从CELLxGENE Census查询基因（可变）元数据。返回基因符号、Ensembl ID、特征类型和汇总统计信息。可按基因名称、特征类型或表达特征进行筛选。用途：查找感兴趣的基因、验,cellxgene,未实现
生物医药,CIViC临床声明检索,数据分析,脚本,在CIViC数据库中检索临床声明。临床声明是整合多项证据的高层次临床解读，形成关于临床可行性的正式陈述。返回包含描述及相关分子特征或变异的声明列表。,civic,未实现
生物医药,CIViC变异查询,数据分析,脚本,在CIViC数据库中检索变异信息，返回包含变异ID和名称的列表，变异代表具有癌症临床意义的特定基因改变。,civic,未实现
生物医药,ChEMBL疾病靶点关联评分,数据分析,脚本,从ChEMBL数据库中提取疾病与靶点的关联评分。ChEMBL提供药物-靶点相互作用的生物活性数据。,chembl,未实现
生物医药,ChIPAtlas_获取峰数据,数据分析,脚本,获取ChIP-Atlas峰调用数据的下载URL，数据格式包括BigWig、BED或BigBed。BigWig包含基于RPM（每百万读取数）的覆盖分数，BED/BigBed包含使用MACS2（基于模型的ChIP-Seq分析）峰调用器得到的峰区域及分数。用途：下载原始数据、与基因组浏览器（UCSC、IGV）集成、自定义分析、可视化。,chipatlas,未实现
生物医药,ChIPAtlas实验获取工具,数据分析,脚本,搜索ChIP-Atlas实验元数据，包括实验ID、抗原、细胞类型和处理统计信息。可按基因组、抗原（转录因子/组蛋白）或细胞类型筛选。返回含SRX/ERX/DRX ID的实验详情。用途：查找相关实验、获取实验元数据、数据集发现、批量分析规划。,chipatlas,已实现
生物医药,ChIPAtlas富集分析,数据分析,脚本,"执行富集分析以识别数据中富集的转录因子和组蛋白修饰。**需提供一种输入类型** - (1) BED基因组区域，(2) DNA序列基序（IUPAC表示法：A/T/G/C/W/S/M/K/R/Y/B/D/H/V/N），或(3) 基因符号列表。将您的输入与433,000+个ChIP-seq/ATAC-seq/亚硫酸氢盐测序实验进行比较，以识别显著富集。返回与您的区域/基序结合或调控您的基因的蛋白质的排名列表。注意：返回提交URL（基于网页表单的分析）。用途：识别基因组区域的调…",chipatlas,未实现
生物医药,ClinVar 数据库查询,信息检索,数据库调用,快速检索遗传变异的临床相关信息。（磐石：支持对话调用）,clinvar,未实现
生物医药,ClinVar 数据库查询,信息检索,脚本,快速检索遗传变异的临床相关信息。,clinvar,未实现
生物医药,DGIdb获取基因详细信息,数据分析,脚本,从DGIdb数据库获取基因的详细信息，包括别名、类别和相互作用计数。,dgidb,未实现
生物医药,DiffDock,预测与建模,模型,预测分子与蛋白质相互作用的 3D 结构。（磐石：接入中...）,diffDoc,未实现
生物医药,DiffSBDD,预测与建模,模型,基于扩散模型的结构驱动药物设计工具，可自动生成与蛋白结合口袋高度匹配的小分子配体。（磐石：支持对话调用）,diffSBDD,未实现
生物医药,DrugBank词汇过滤,数据分析,脚本,根据特定字段条件筛选DrugBank词汇数据集。使用简单的字段-值对按药物属性（如名称、ID和化学标识符）进行筛选。,drugbank,未实现
生物医药,EBI数据库检索,数据分析,脚本,通过统一的EBI搜索API在特定EBI领域（如ensembl、uniprot、interpro等）进行检索。返回包含元数据的搜索结果。可用于检索160+个EBI数据资源。,ebi,未实现
生物医药,ENCODE数据文件列表,数据分析,脚本,根据文件格式、输出类型或实验方法筛选ENCODE数据文件。返回文件元数据，包括编号、格式（FASTQ、BAM、bigWig）、输出类型（比对、峰图、信号）及文件大小。用于编程方式发现特定实验或数据类型的可下载文件。获取文件编号后可结合ENCODE_get_file工具查询详细文件信息及下载链接。,encode,未实现
生物医药,ESM-Variants,预测与建模,模型,交互式可视化蛋白质序列中的氨基酸变化。（磐石：接入中...）,esmVariants,未实现
生物医药,ESM3,预测与建模,模型,模拟蛋白质进化，多模态生成新型蛋白。（磐石：支持对话调用）,esm3,未实现
生物医药,ESMFold,预测与建模,模型,根据蛋白质的氨基酸序列预测其三维结构，预测速度快，适合快速分析蛋白质。（磐石：支持对话调用）,ESMFold,未实现
生物医药,Ensembl GO术语后代查询,数据分析,脚本,获取GO（基因本体）术语的后代术语。返回本体层次结构中更具体的生物学概念的子术语。用于查找相关的具体术语和扩展查询。,ensemblGo,未实现
生物医药,Ensembl VEP区域版,数据分析,脚本,基因组变异的变异效应预测器（VEP）。预测变异对基因、转录本和蛋白质的功能影响。返回SIFT/PolyPhen评分、变异类型和受影响的转录本。是变异解读的关键工具。,ensemblVep,未实现
生物医药,Ensembl分类学获取工具,数据分析,脚本,获取物种的分类学信息。返回从界到种水平的完整谱系，包含学名和分类学ID。有助于了解物种关系和按分类群筛选。,ensembl,未实现
生物医药,Ensembl历史基因信息查询,数据分析,脚本,通过稳定ID获取历史（归档）基因信息。返回所有Ensembl版本中的基因位置和状态。用于跟踪基因ID变化、基因组组装更新或检索旧版Ensembl版本的信息。,ensembl,未实现
生物医药,Ensembl同源获取工具,数据分析,脚本,通过基因符号获取物种间基因的同源关系（直系同源和旁系同源）。返回包含基因ID、蛋白质ID、染色体位置和同源类型（1对1、1对多等）的进化关系。是比较基因组学研究的必备工具。,ensembl,未实现
生物医药,Ensembl本体术语获取工具,数据分析,脚本,获取特定本体术语（GO、SO、HPO）的详细信息，返回术语名称、定义、同义词及关系，用于理解生物概念和验证术语使用。,ensembl,未实现
生物医药,Ensembl物种信息查询,数据分析,脚本,获取物种信息或列出Ensembl中所有可用物种。返回学名、常用名、组装详情和数据库版本。不提供ID时列出所有物种（200+可用）。,ensembl,未实现
生物医药,Ensembl获取GO术语祖先查询,数据分析,脚本,获取GO（基因本体论）术语的祖先术语。返回本体层次结构中更广泛的生物学概念的父术语。用于理解术语关系并进行层次分析。,ensemblGo,未实现
生物医药,Ensembl重叠特征获取工具,数据分析,脚本,获取与某一区域重叠的基因组特征（基因、转录本、重复序列）。返回包括编码基因、非编码RNA、假基因和结构特征在内的综合注释。用于基因组注释和特征发现。,ensembl,未实现
生物医药,Evo2,预测与建模,模型,生物学基础模型，能够整合长基因组序列的信息，同时保持对单核苷酸变化的敏感性。（磐石：支持对话调用）,evo2,未实现
生物医药,FDA_按病症检索需医生咨询的药物名称,数据分析,脚本,检索因患者特定病症和症状而需咨询医生后使用的药物名称。警告：本工具仅输出预定义的有限数量药物名称，不涵盖所有可能药物。谨慎使用。,fda,未实现
生物医药,FDA_按药品名称查询医生药剂师咨询信息,数据分析,脚本,获取特定药物的药物相互作用相关咨询医生或药剂师的信息,fda,未实现
生物医药,FDA_按药品名称获取医疗保健提供者信件信息,数据分析,脚本,根据药品名称获取亲爱的医疗保健提供者信件信息。这些信件由药品制造商发送，以提供关于该药品的新信息或更新信息。,fda,未实现
生物医药,FDA_按药品名称获取宠物主人/护理人员信息,数据分析,脚本,根据药品名称为宠物主人或护理人员检索特定信息,fda,未实现
生物医药,FDA_按药品名获取医生咨询条件信息,数据分析,脚本,根据药品名称获取医生咨询前用药条件信息,fda,未实现
生物医药,FDA药品标签字段检索,数据分析,脚本,"通过指定FDA药品标签字段及其值检索标签信息（格式为字段:值）。此为通用字段查询工具。使用`return_fields`参数选择返回的字段/章节，或传入""ALL""获取完整标签记录。",fda,未实现
生物医药,FDA药物基因组生物标志物查询,数据分析,脚本,从FDA药物标签中检索药物基因组生物标志物。该工具获取FDA网站上的药物标签中药物基因组生物标志物表，并支持按药物名称或生物标志物进行筛选。,fda,未实现
生物医药,FDA获取DEA管制类别信息（按药品名）,数据分析,脚本,根据药品名称检索受控物质的美国药品管理局（DEA）管制类别信息,fdaDea,未实现
生物医药,FDA获取所有者或护理人员药品名称工具,数据分析,脚本,根据所有者或护理人员的信息检索药品名称,fda,未实现
生物医药,FDA通过DHCP字母信息获取药品名称,数据分析,脚本,根据医药保健提供者信函信息获取药品名称。这些信函由药品制造商发送，用于提供药品的新信息或更新信息。,fdaDhcp,未实现
生物医药,FourDN数据搜索工具,数据分析,脚本,搜索4DN数据门户中的Hi-C染色质构象文件和实验。访问来自多种技术（原位Hi-C、捕获Hi-C、Micro-C XL）的350+个统一处理的Hi-C接触文件。可按检测类型、细胞类型或关键词进行搜索。返回包含下载URL的文件元数据。注意：下载需要免费的4DN账户（在data.4dnucleome.org创建）。用途：查找Hi-C数据集、发现3D基因组数据、访问拓扑关联结构域（TAD）边界、A/B compartments、染色质环调用。,fourdn,未实现
生物医药,FourDN获取下载URL,数据分析,脚本,获取4DN文件的下载URL和DRS（数据存储库服务）API端点。前提条件：(1) 需要文件编号 - 通过使用FourDN_search_data（item_type='File'）获取。(2) 需要免费的4DN账户 - 在data.4dnucleome.org创建账户，然后在个人资料设置中生成访问密钥。返回下载URL和使用curl进行命令行访问的说明。支持GA4GH DRS标准以实现互操作性。用途：程序化文件下载、批处理、工作流集成。,fourdnUrl,未实现
生物医药,GDC文件列表,数据分析,脚本,根据数据类型等字段筛选GDC文件列表，用于识别可下载的分析数据文件（如基因表达定量数据）。,gdc,未实现
生物医药,GEO 数据库查询,信息检索,数据库调用,快速检索基因表达数据的重要数据库。（磐石：支持对话调用）,geo,未实现
生物医药,GO术语ID检索工具,数据分析,脚本,使用GOlr通过ID检索基本的GO术语信息,goId,未实现
生物医药,GTEx_eQTL基因获取工具,数据分析,脚本,获取具有显著顺式eQTL的eQTL基因（eGenes）。返回在指定组织中至少具有一个显著表达数量性状位点（eQTL）的基因，包括等位基因折叠变化、p值、q值（FDR < 0.05）和效应大小。可按组织筛选或获取所有eGenes。用途：识别受遗传调控的基因、寻找组织特异性eQTL、研究调控变异、遗传关联研究。是理解基因表达遗传控制的关键工具。,gtexEqtl,未实现
生物医药,GTEx中位基因表达获取工具,数据分析,脚本,获取GTEx组织中的中位基因表达水平。返回54个组织部位中一个或多个基因的中位TPM（每百万转录本）表达量。可按特定组织筛选或获取所有组织的表达量。基于成人GTEx V11（2026年1月）。用途：组织特异性表达谱分析、鉴定高表达基因、比较组织间表达模式。示例：获取TP53基因在脑和肝脏中的表达。,gtex,未实现
生物医药,GTEx单组织eQTL获取工具,数据分析,脚本,获取显著的单组织eQTL关联。返回预计算的基因-变异关联，包含p值、效应量（NES）和基因组位置。支持通过基因ID、变异ID、组织或组合进行查询。结果显示特定组织中哪些遗传变异影响基因表达。用途：寻找候选基因的eQTL、查询变异效应、组织特异性调控分析、GWAS后续研究。必须提供至少一个筛选条件：gencode_id、variant_id或tissue_site_detail_id。,gtexEqtl,未实现
生物医药,GTEx基因表达获取工具,数据分析,脚本,获取个体样本水平的基因表达数据（非聚合）。返回每个样本的标准化表达值（TPM），支持详细分布分析。可按供体属性（性别、年龄组）进行子集化以开展特定人群分析。相比中位数表达，数据量更大。用途：表达变异性分析、异常值检测、样本水平质量控制、人群比较。注意：多基因/组织时结果集较大。,gtex,未实现
生物医药,GTEx多组织eQTL获取工具,数据分析,脚本,获取多组织eQTL荟萃分析结果（Metasoft方法）。返回基因-变异对在所有组织中的m值（每个组织中eQTL效应的后验概率）、标准化效应量、p值和标准误，展示eQTL效应的组织共享模式。用途：理解eQTL的组织特异性、寻找共享或组织特异性效应、跨组织荟萃分析、调控机制研究。需提供gencode_id，可选择按variant_id过滤。,gtexEqtl,未实现
生物医药,GTEx数据集信息获取工具,数据分析,脚本,获取GTEx数据集元数据和版本信息。返回包括GENCODE版本、基因组构建（GRCh38/hg38）、dbSNP构建、样本数量、组织数量和发布信息在内的数据集详情。默认显示成人GTEx V11（2026年1月）的详细信息。用途：了解数据版本、检查样本量、验证基因组构建、文档记录。使用前先检查以了解可用数据。,gtex,未实现
生物医药,GTEx样本信息获取工具,数据分析,脚本,获取详细的GTEx样本和受试者元数据。返回样本ID、组织类型、捐赠者人口统计学信息（年龄、性别）、缺血时间、RIN评分、Hardy量表、病理记录和质量控制指标。可按样本ID、受试者ID、组织、人口统计学信息或数据类型进行筛选。用途：样本选择、队列设计、质量控制筛选、人口统计学分析、理解数据来源。对于选择合适的分析样本至关重要。,gtex,未实现
生物医药,GTEx组织位点获取工具,数据分析,脚本,获取所有可用的GTEx组织位点及其元数据。返回54个非患病组织位点的组织ID、名称、样本数量、e基因数量和颜色代码。包含RNA-seq样本摘要及供体年龄和性别统计。用途：发现可用组织、查询组织ID、检查样本量、了解组织覆盖范围。查询组织特异性数据前的必要第一步。,gtex,未实现
生物医药,GTEx自定义eQTL动态计算,数据分析,脚本,计算任意组织中任意基因-变异对的自定义eQTL。动态计算基因-变异关联统计数据，包括p值、标准化效应量（NES）、t统计量和基因型数据。适用于显著和非显著关联。即使关联不在预计算结果中，也能返回详细统计信息。用途：测试特定假设、自定义变异-基因对、动态eQTL分析、验证发现。需要三个参数：gencode_id、variant_id和tissue_site_detail_id。,gtexEqtl,未实现
生物医药,GTEx高表达基因获取工具,数据分析,脚本,获取特定组织中按中位表达排序的高表达基因。返回包含表达水平（TPM）的基因列表，有助于理解组织特异性基因特征。可选择过滤线粒体基因（默认：开启）。用途：组织特征分析、看家基因筛选、组织标志物识别、质量控制。是理解每种组织类型中活跃基因的关键工具。,gtex,未实现
生物医药,GWAS catalog 数据库查询,信息检索,数据库调用,遗传学研究的重要资源，收录了许多基因组关联数据。（磐石：支持对话调用）,gwasCatalog,未实现
生物医药,GWAS关联ID查询,数据分析,脚本,通过唯一标识符获取特定的GWAS关联数据,gwasId,未实现
生物医药,GWAS catalog 数据库查询,信息检索,脚本,遗传学研究的重要资源，收录了许多基因组关联数据。,gwas,未实现
生物医药,GWAS catalog 数据库查询,信息检索,脚本,遗传学研究的重要资源，收录了许多基因组关联数据。,gwas,未实现
生物医药,GraphQL疾病靶点关联评分,数据分析,脚本,通过GraphQL API从特定数据源提取疾病-靶点关联评分。该工具可检索与疾病关联的所有靶点及其在指定数据源（如chembl、eva、cancer_gene_census等）中的评分。,graphql,未实现
生物医药,HPO ID查询表型,数据分析,脚本,通过HPO ID检索表型或症状,hpoId,未实现
生物医药,IntAct互作检索,数据分析,脚本,通过EBI搜索API（IntAct域）在IntAct数据库中检索蛋白质互作信息。支持通过蛋白质名称、基因名称、互作类型等条件进行搜索。使用'*'作为查询可获取所有互作（可能较慢）。,intact,未实现
生物医药,InterPro 数据库查询,信息检索,数据库调用,整合了多个蛋白质家族、结构域和功能位点的数据库系统。（磐石：支持对话调用）,interpro,未实现
生物医药,差异标志物发现,代谢组学,脚本,面向代谢物 biomarker：缺失值与归一化、PCA/PLS-DA、多维模型效能对比、VIP 与显著性筛选。,kegg,未实现
生物医药,LigandMPNN,预测与建模,模型,深度学习驱动的蛋白质序列设计模型，能够显式考虑小分子、核酸等非蛋白质环境的作用。（磐石：支持对话调用）,LigandMPNN,未实现
生物医药,MHC关联表位检索,数据分析,脚本,基于IEDB查询API搜索MHC相关实验数据行，用于发现涉及MHC限制的表位`structure_id`值。可使用`select`参数仅请求少量字段以优化响应速度。,mhc,已实现
生物医药,MSA search,数据分析,脚本,通过将查询序列与蛋白质序列数据库进行比对，生成多序列比对（MSA）。,msaSearch,未实现
生物医药,MedlinePlus Connect 编码查询,数据分析,脚本,通过 MedlinePlus Connect 网络服务，使用临床/药物/检测编码（如 ICD-10 CM、RXCUI、LOINC 等）查询对应的 MedlinePlus 页面信息，支持 JSON 或 XML 格式返回。,medlineplusConnect,未实现
生物医药,NHANES数据集信息查询,数据分析,脚本,获取国家健康与营养检查调查（NHANES）数据集信息。NHANES数据通常以可下载文件（SAS、XPT格式）形式从CDC网站获取。该工具提供可用数据集、年份及下载链接信息。注意：实际数据检索可能需要下载并转换文件。,nhanes,未实现
生物医药,NHANES数据集搜索工具,数据分析,脚本,通过关键词搜索NHANES数据集，返回匹配数据集的信息（包括下载链接）。注意：NHANES数据文件通常为SAS/XPT格式，可能需要转换工具。,nhanes,未实现
生物医药,NICE临床指南全文获取,数据分析,脚本,从NICE临床指南页面获取完整的全文内容。输入NICE指南URL，提取所有章节、建议和完整指南文本。在使用NICE临床指南搜索找到指南后，使用此工具获取完整内容。,nice,未实现
生物医药,NICE临床指南检索,数据分析,脚本,检索NICE（英国国家健康与临床卓越研究院）发布的临床指南与循证医学建议。提供涵盖各类疾病诊断、治疗方案及护理路径的官方指南。,nice,未实现
生物医药,OligoFormer,预测与建模,模型,可以自动设计并推荐高效靶向特定 mRNA 的 siRNA 分子。（磐石：支持对话调用）,OligoFormer,未实现
生物医药,OpenAlex临床指南检索,数据分析,脚本,通过OpenAlex学术数据库检索临床实践指南。提供全球多来源的指南综合检索服务，包含引用指标与机构归属信息。,openalex,未实现
生物医药,OpenTargets_按ChEMBL ID查询药物黑框警告状态,数据分析,脚本,通过ChEMBL ID查询特定药物的撤回状态和黑框警告状态,opentargetsChemblId,未实现
生物医药,OpenTargets_按Ensembl_ID获取靶点亚细胞定位,数据分析,脚本,根据特定靶点的Ensembl ID检索亚细胞定位信息,opentargetsEnsemblId,未实现
生物医药,PharmGKB基因检索,数据分析,脚本,通过基因名称、符号或ID在PharmGKB数据库中检索基因，返回PharmGKB基因ID及基本基因元数据。,pharmgkb,未实现
生物医药,PharmGKB药物检索,数据分析,脚本,通过药物名称或PharmGKB ID在PharmGKB数据库中检索药物信息，返回药物名称、ID及基本元数据。,pharmgkb,未实现
生物医药,PharmGKB获取基因详细信息,数据分析,脚本,通过PharmGKB基因编号获取基因的详细信息，包括染色体位置、交叉引用和其他元数据。,pharmgkb,未实现
生物医药,ProtGPT2,预测与建模,模型,能够理解蛋白质语言，可用于从头设计和构建蛋白质。（磐石：支持对话调用）,protGPT2,未实现
生物医药,Proteins获取蛋白质功能注释,数据分析,脚本,从Proteins API获取蛋白质的功能注释和评论信息。支持批量操作：可传入一个或多个UniProt蛋白质编号（以逗号分隔的字符串或数组形式），并行获取多个蛋白质的注释数据。包含经人工审核的功能注释、亚细胞定位、疾病关联等信息。注意：本工具从主蛋白质端点提取注释（单独的评论端点不可用），返回所有功能注释内容。,proteins,未实现
生物医药,PubMed数据库查询,信息检索,脚本,生物医学文献信息检索系统。,pubmed,已实现
生物医药,PubMed数据库查询,信息检索,数据库调用,生物医学文献信息检索系统。（磐石：支持对话调用）,pubmed,已实现
生物医药,PubMed数据库查询,信息检索,脚本,生物医学文献信息检索系统。,pubmed,已实现
生物医药,RFdiffusion,预测与建模,模型,用于蛋白质结合剂设计的蛋白质骨架生成模型。（磐石：支持对话调用）,rFdiffusion,未实现
生物医药,RNAcentral 按编号查询,数据分析,脚本,通过编号检索单个 RNAcentral 条目，获取详细注释和来源交叉引用。用于跨数据库 ID 映射和元数据查询。,rnacentral,未实现
生物医药,RNA二级结构可视化工具,数据可视化,脚本,基于RNA碱基序列生成其对应的二级结构图示。,rna,未实现
生物医药,Reactome 数据库查询,信息检索,数据库调用,经过手动筛选和同行评审的生物分子通路知识数据库。（磐石：支持对话调用）,reactome,未实现
生物医药,Reactome 数据库查询,信息检索,脚本,经过手动筛选和同行评审的生物分子通路知识数据库。,reactome,未实现
生物医药,Rfam RNA家族基因组区域查询,数据分析,脚本,获取所有包含RNA家族成员的基因组区域列表。返回包含序列ID、坐标、分数和物种的制表符分隔数据。显示家族在基因组中的分布位置。警告：某些大型家族因区域过多返回403错误。用途：基因组注释、RNA位置识别、跨物种比较、覆盖度分析。可用格式：文本（制表符分隔）、JSON、XML。,rfamRna,未实现
生物医药,Rfam RNA家族种子比对获取,数据分析,脚本,获取RNA家族种子比对，支持多种格式。返回用于构建协方差模型的精选多序列比对。格式包括：stockholm（默认，含结构注释）、pfam（单行stockholm）、fasta（带间隙）、fastau（无间隙）。大比对可选择gzip压缩。用途：序列分析、结构预测、系统发育研究、同源性检测。比对显示保守位置和碱基配对。,rfamRna,未实现
生物医药,Rfam协方差模型获取工具,数据分析,脚本,获取RNA家族的Infernal协方差模型（CM）。返回Infernal格式的CM文件，该文件同时捕捉序列和结构保守性。可与Infernal工具（cmsearch、cmalign、cmbuild）一起用于RNA序列分析。用途：同源性搜索、结构比对、自定义RNA注释、序列分类。对于结构化RNA，协方差模型（CM）比轮廓隐马尔可夫模型（profile HMMs）更敏感。,rfam,未实现
生物医药,Rfam家族ID到访问号转换工具,数据分析,脚本,将Rfam家族ID/名称转换为访问号。接受家族名称（如snoZ107_R87）并返回RF访问号（如RF00360）。简单的ID转换工具。用途：获取稳定标识符、交叉引用、数据整合、创建基于访问号的链接。访问号在Rfam各版本间保持稳定。,rfamId,未实现
生物医药,Rfam家族获取工具,数据分析,脚本,"从Rfam数据库获取全面的RNA家族信息。返回家族元数据，包括描述、注释详情、RNA类型（如snoRNA、miRNA、tRNA等）、序列数量、物种覆盖范围、搜索参数和结构来源。Rfam v15.1包含4,227个RNA家族。支持通过RF编号（如RF00360）或家族名称（如snoZ107_R87）查询。用途：RNA家族发现、RNA功能研究、检查注释质量、识别RNA类型。可用格式：json、xml。",rfam,未实现
生物医药,Rfam序列搜索,数据分析,脚本,使用Infernal的cmscan工具，针对所有Rfam家族搜索RNA序列。将序列提交到批处理搜索服务器，轮询完成状态，返回具有家族匹配、位置、分数和E值的命中结果。短序列通常在4-5秒内完成。结果保留1周。用途：注释新RNA序列、确定RNA家族成员、寻找保守元件、发现结构性RNA。返回家族ID、比对详情和显著性分数。,rfam,未实现
生物医药,Rfam结构映射获取工具,数据分析,脚本,获取Rfam家族与3D结构（PDB）的映射关系。返回RNA家族、EMBL序列区域和PDB残基之间的对应关系，显示该家族可用的结构。输出为制表符分隔格式，包含PDB ID、链、残基范围和比对信息。用途：结构-功能分析、3D可视化、结构注释、整合序列和结构数据。将Rfam家族与实验结构关联。,rfam,未实现
生物医药,Rfam编号转家族ID,数据分析,脚本,将Rfam编号转换为家族ID/名称。输入RF编号（如RF00360），返回人类可读的家族名称（如snoZ107_R87）。简单的ID转换工具。用途：显示可读名称、文档记录、交叉引用、数据整合。支持纯文本快速查询。,rfamId,未实现
生物医药,Rfam获取树数据,数据分析,脚本,获取RNA家族的系统发育树（NHX格式，即New Hampshire eXtended格式）。基于种子比对返回显示进化关系的树结构，包含物种名称和序列信息，可通过FigTree、iTOL、ETE等树可视化工具查看。用途：系统发育分析、RNA家族进化理解、物种分布分析、分类学研究。NHX格式包含超出标准Newick格式的扩展注释。,rfam,未实现
生物医药,STRING蛋白质相互作用查询,数据分析,脚本,从STRING数据库查询蛋白质-蛋白质相互作用。STRING是一个综合的已知和预测蛋白质-蛋白质相互作用数据库，包含置信度分数和功能注释。,string,未实现
生物医药,UCSC 基因组浏览器查询,信息检索,数据库调用,基因组学研究中的重要工具，快速检索基因组数据。（磐石：支持对话调用）,ucsc,未实现
生物医药,UniProt ID映射,数据分析,脚本,在不同数据库之间映射ID（例如从Ensembl到UniProt，从基因名到UniProt）。支持批量映射和异步任务处理。用于在不同数据库标识符之间进行转换。,uniprotId,未实现
生物医药,UniProtKB获取蛋白质功能注释,数据分析,脚本,从UniProtKB条目中提取功能注释（评论类型为FUNCTION）,uniprotkb,未实现
生物医药,UniProt数据库查询,信息检索,数据库调用,包含蛋白质序列、功能信息和研究论文索引的蛋白质数据库查询。（磐石：支持对话调用）,uniprot,已实现
生物医药,UniRef聚类搜索,数据分析,脚本,搜索UniRef聚类。返回匹配查询的聚类结果，可用于查找特定蛋白质或生物体的UniRef聚类。查询语法支持蛋白质编号、基因名称、生物体筛选等。,uniref,未实现
生物医药,WHO指南检索,数据分析,脚本,检索世界卫生组织(WHO)官方临床指南与健康建议。提供WHO发布的权威全球健康指南访问。,who,未实现
生物医药,biostudies获取研究文件,数据分析,脚本,获取与BioStudies研究相关的文件列表。返回文件元数据，包括路径、大小、类型和属性。文件从研究的部分层次结构中提取。,biostudies,未实现
生物医药,cBioPortal_患者获取,数据分析,脚本,获取癌症研究中的所有患者,cbioportal,未实现
生物医药,cBioPortal分子谱获取工具,数据分析,脚本,获取癌症研究的分子谱。分子谱包括突变数据、拷贝数变异、mRNA表达等。,cbioportal,未实现
生物医药,cBioPortal基因搜索,数据分析,脚本,按关键词（基因符号或别名）搜索基因,cbioportal,未实现
生物医药,cBioPortal样本获取工具,数据分析,脚本,获取癌症研究中的所有样本,cbioportal,未实现
生物医药,dbSNP 数据库查询,信息检索,数据库调用,单核苷酸多态性（SNP）数据库，快速检索SNP信息。（磐石：支持对话调用）,dbsnp,未实现
生物医药,euhealthinfo糖尿病流行病学登记处搜索工具,数据分析,脚本,该工具用于搜索和检索与流行病学及基于登记处的健康数据相关的数据集，重点关注糖尿病及相关疾病。用户可进行搜索以识别涵盖不同地理区域和人口群体的患病率、发病率及其他指标的数据集。工具返回的结构化数据集包含丰富的元数据，可能提供外部数据源链接或可下载文件。它专门用于访问其定义的数据集范围内经过整理的健康相关信息，并支持在糖尿病领域内跨不同主题的探索。若用户希望查看实际数据，'euhealthinfo_deepdive'工具会有所帮助。,euhealthinfo,未实现
生物医药,gnomAD变异查询,数据分析,脚本,通过自由文本查询（通常是rsID如'rs7412'）在gnomAD中搜索变异，返回匹配的`variant_id`字符串。注意：gnomAD的`variant_search`响应仅暴露`variant_id`，需使用返回的`variant_id`与`gnomad_get_variant`配合使用。,gnomad,未实现
生物医药,gnomAD基因检索,数据分析,脚本,通过自由文本查询（通常为基因符号）在gnomAD数据库中检索基因，返回匹配的Ensembl基因ID（ensembl_id）和基因符号（symbol），其中Ensembl基因ID可作为gene_id参数用于gnomad_get_gene工具。,gnomad,未实现
生物医药,世界卫生组织健康数据查询,数据分析,脚本,通过自然语言查询回答通用健康问题。自动搜索相关指标，获取健康数据并返回带有实际值的格式化答案。例如：'2020年美国吸烟率'将返回实际吸烟百分比。,,未实现
生物医药,个性化健康建议,数据分析,脚本,提供个性化的预防性护理建议，适用于不同年龄、性别及孕期状态（提供年龄/性别/孕期参数）。可检索元数据、简明语言版块以及完整文章的链接（AccessibleVersion链接）。若用户需要某建议的全文，可使用`odphp_outlink_fetch`工具辅助获取。,,未实现
生物医药,临床药理学药物名称检索,数据分析,脚本,基于临床药理学信息检索药物名称。警告：本工具仅输出预定义的有限数量药物名称，不涵盖所有可能药物，请谨慎使用。,,未实现
生物医药,临床试验检索,数据分析,脚本,通过疾病和/或干预措施作为筛选条件，在ClinicalTrials.gov上检索临床试验，返回符合条件的一系列试验列表。,,未实现
生物医药,临床试验检索药物名称,数据分析,脚本,根据临床试验信息检索药物名称,,未实现
生物医药,临床试验结果提取,数据分析,脚本,从clinicaltrials.gov提取详细的试验结果数据（如总生存期月数、p值等），使用NCT ID作为查询标识。,,未实现
生物医药,人类蛋白质图谱通用检索,数据分析,脚本,人类蛋白质图谱通用检索工具。支持自定义搜索查询并获取特定列数据。,,未实现
生物医药,从患者用药说明书中检索药物名称,数据分析,脚本,根据患者用药说明书中的信息检索药物名称,,未实现
生物医药,代谢组学研究信息获取工具,数据分析,脚本,通过研究ID获取代谢组学研究的元数据和信息，返回研究摘要（含标题、研究对象物种、分析类型及代谢物列表）,,未实现
生物医药,代谢组学研究列表,数据分析,脚本,分页列出所有MetaboLights研究，返回研究ID列表（如'MTBLS1'、'MTBLS2'）。使用metabolights_get_study可获取特定研究ID的详细信息。,,未实现
生物医药,代谢组学研究实验数据获取工具,数据分析,脚本,获取与MetaboLights研究关联的所有实验数据，返回实验元数据（包括实验类型、实验方案和测量细节）,,未实现
生物医药,代谢组学研究检索,数据分析,脚本,通过查询字符串检索MetaboLights研究，返回匹配的研究ID列表。使用metabolights_get_study和研究ID可获取详细元数据，包括标题、描述和生物体信息。,,未实现
生物医药,体细胞突变疾病靶点关联评分提取,数据分析,脚本,从EVA体细胞突变数据中提取疾病-靶点关联评分，包含体细胞变异数据,,未实现
生物医药,依据依赖性特征检索药物名称,数据分析,脚本,根据药物心理依赖性和生理依赖性特征检索对应的药物名称,,未实现
生物医药,依据非临床毒理学信息检索药物名称,数据分析,脚本,根据非临床毒理学信息检索药物名称,,未实现
生物医药,健康主题检索,数据分析,脚本,查找特定健康主题并获取完整内容。当用户提及关键词（如“叶酸”、“血压”）或已通过`odphp_itemlist`获取主题/分类ID时使用。返回详细主题页面（标题、章节、相关条目）及可访问版本链接。,,未实现
生物医药,健康监测数据检索,数据分析,脚本,用于识别和探索跨领域的健康相关数据集，整合多源信息以帮助用户发现公共卫生、流行病学和监测活动数据集中的模式、趋势及关联。特别适用于全球或区域性健康问题的广泛检索。,,未实现
生物医药,儿童安全药物检索工具,数据分析,脚本,根据药品是否应远离儿童及意外接触或摄入时的处理说明，检索药物名称,,未实现
生物医药,关键词检索医学主题,数据分析,脚本,通过关键词在MedlinePlus网络服务中检索相关健康主题或其他子库（如药物、遗传学等）的信息。,,未实现
生物医药,分娩用药信息检索药物名称,数据分析,脚本,根据分娩期间的药物使用信息检索药物名称,,未实现
生物医药,分析细菌生长曲线,数据分析,脚本,基于OD600数据拟合细菌生长曲线，提供参数分析、倍增时间和延迟期等结果。（磐石：支持对话调用）,,未实现
生物医药,分面检索EBI数据库,数据分析,脚本,在EBI指定域中执行支持分面过滤的检索。分面功能允许按类别筛选结果。注意：可用分面因域而异。建议首次检索时不使用分面参数以查看响应中包含哪些分面，或使用ebi_get_domain_info工具查询。常见分面可能包括'taxonomy_name'、'database'、'type'等，但需先确认域特定响应。返回包含分面信息的检索结果以支持高级筛选。,ebi,未实现
生物医药,列出EBI搜索域,数据分析,脚本,列出所有可用的EBI搜索域。返回所有可搜索域的元数据，包括域名、描述和字段信息。,ebi,未实现
生物医药,列出宏基因组分析结果,数据分析,脚本,列出与宏基因组研究编号关联的分析结果（分类学/功能学输出）。用于枚举可编程获取的已处理结果。,,未实现
生物医药,列出顶级通路,数据分析,脚本,列出特定物种的顶级通路。返回没有父通路的通路，包括其元数据和基本信息。,,未实现
生物医药,初级医疗人力数据检索,数据分析,脚本,该工具用于检索初级医疗人力相关的数据集元数据，主要帮助用户识别可提供医疗人力构成、地理分布模式及医疗职业相关主题的数据源。注意：工具需要有效输入才能成功执行，返回结果可能是元数据或参数错误提示。如需查看实际数据，可使用'euhealthinfo_deepdive'工具。,,未实现
生物医药,加拿大医学会指南检索,数据分析,脚本,检索加拿大医学会(CMA)信息库中的临床实践指南。包含1200余条由加拿大医疗机构制定或认可的循证临床实践指南。,,未实现
生物医药,动物药理学信息检索药物名称,数据分析,脚本,基于动物药理学和毒理学信息检索药物名称。警告：本工具仅输出预定义的有限数量药物名称，未涵盖所有可能性，请谨慎使用。,,未实现
生物医药,单细胞项目检索,数据分析,脚本,在人类细胞图谱（HCA）数据协调平台（DCP）中检索单细胞项目，支持根据特定器官和疾病状态筛选项目。,,未实现
生物医药,县健康排名数据集信息查询,数据分析,脚本,获取县健康排名数据信息。县健康排名提供县级健康数据，该工具提供可用数据集及访问方式信息。注：数据可能以可下载文件形式或通过其网站获取。,,未实现
生物医药,变异位点注释获取,数据分析,脚本,通过HGVS ID（如'chr1:g.2186318G>A'）获取特定变异位点的详细注释信息，返回来自dbSNP、ClinVar、CADD等数据库的信息。,,未实现
生物医药,哺乳期用药信息检索,数据分析,脚本,根据哺乳期相关信息检索药物名称,,未实现
生物医药,基于药物ChEMBL ID检索相似实体,数据分析,脚本,使用PubMed训练的模型检索给定药物ChEMBL ID的相似实体,chemblId,未实现
生物医药,基于药物基因组学检索药物名称,数据分析,脚本,根据药物基因组学信息检索药物名称,,未实现
生物医药,基因eQTL关联查询,数据分析,脚本,查询GTEx数据库中基因的单组织eQTL关联数据，用于识别与基因表达调控相关的调控变异（变异ID、p值、斜率）。,eqtl,未实现
生物医药,基因与细胞系表达差异比较,数据分析,脚本,通过基因名称和细胞系名称，比较特定细胞系与健康组织中基因表达水平的差异。,,未实现
生物医药,基因信息查询,数据分析,脚本,通过Ensembl基因ID或符号查询基因信息。返回基因详细信息包括位置、描述和外部引用。支持稳定ID（如ENSG00000139618）和基因符号（如BRCA1）。使用基因符号时需提供物种参数。,,未实现
生物医药,基因变异位点检索,数据分析,脚本,检索特定基因的变异位点，返回与该基因符号关联的变异信息,,未实现
生物医药,基因变异查询,数据分析,脚本,根据多种标准（如rsID、基因、染色体位置或临床意义）搜索基因变异。返回来自dbSNP、ClinVar、gnomAD和CADD等来源的变异注释。,,未实现
生物医药,基因富集分析,数据分析,脚本,使用Enrichr进行基因富集分析，发现与基因列表相关的生物通路、过程和分子功能。返回基因与富集术语之间的关联路径。,,未实现
生物医药,基因查询,数据分析,脚本,通过关键词、符号、名称或其他标识符搜索基因。返回来自30多个数据源（包括Entrez Gene、Ensembl、UniProt、HGNC等）的基因注释信息。可用于查找基因ID、符号、描述和基本注释。,,未实现
生物医药,基因检索（Ensembl ID获取）,数据分析,脚本,通过基因名称、关键词或细胞系名称搜索匹配基因并返回Ensembl ID列表。这是许多HPA查询工作流的入口工具。,ensemblId,未实现
生物医药,基因生物过程组织特异性分析,数据分析,脚本,通过整合功能注释与表达数据，分析基因在特定组织或细胞系中的生物过程，以确定其功能相关性。,,未实现
生物医药,基因癌症预后分析,数据分析,脚本,检索基因在不同癌症类型中的预后价值，分析其表达水平与患者生存结局的相关性。,,未实现
生物医药,基因突变数据获取,数据分析,脚本,获取特定癌症研究中指定基因的突变数据,,未实现
生物医药,基因符号交叉引用查询,数据分析,脚本,通过基因符号或名称获取Ensembl对象的交叉引用信息，返回与外部数据库的映射关系。适用于已知基因符号但无Ensembl ID的场景。,,未实现
生物医药,基因组织疾病表达比较,数据分析,脚本,通过基因名称、组织类型和疾病名称比较特定疾病状态与健康状态下基因的表达水平。,,未实现
生物医药,基因蛋白信息查询器,信息检索,数据库调用,根据基因名查询并返回其在不同物种中的蛋白质注释、序列、亚细胞定位等详细信息。（磐石：支持对话调用）,,未实现
生物医药,基因遗传学信息查询,数据分析,脚本,从MedlinePlus Genetics获取基因名称对应的详细信息，支持JSON或XML格式返回。,,未实现
生物医药,多实体检索,数据分析,脚本,基于查询字符串执行多实体检索，可按实体名称（如靶点、疾病、药物）和分页设置进行筛选。,,未实现
生物医药,宏基因组研究检索,数据分析,脚本,通过生物群落类型或关键词检索MGnify宏基因组/微生物组研究，用于发现研究编号及属性，以便后续分析和数据下载。,,未实现
生物医药,微生物学信息检索药物名称,数据分析,脚本,基于微生物学领域信息检索药物名称,,未实现
生物医药,患者用药信息药物名称检索,数据分析,脚本,基于患者用药信息检索药物名称，该信息涉及药物的安全使用。,,未实现
生物医药,批量基因查询,数据分析,脚本,通过基因标识符列表批量查询多个基因。适用于高效获取基因集注释或在不同基因ID类型间进行ID映射。,,未实现
生物医药,抗体人源化,预测与建模,模型,使用对天然抗体库（Sapiens）或 CDR 移植的深度学习来实现抗体人源化。（磐石：支持对话调用）,,未实现
生物医药,抗体序列生成,预测与建模,模型,对抗体序列进行突变，同时实时监测序列特性。（磐石：支持对话调用）,,未实现
生物医药,抗原检索,数据分析,脚本,搜索抗原相关数据行（IEDB查询API）。主要用于发现抗原IRI/ID以便在其他过滤器中使用。提示：使用`select`参数可仅请求少量字段（响应更小更快）。,,未实现
生物医药,按作用机制检索药物名称,数据分析,脚本,根据指定的作用机制信息检索药物名称,,未实现
生物医药,按国家统计药物不良事件报告数,数据分析,脚本,根据发生国家聚合指定药品的不良事件报告计数。仅需提供药品名称（必填），其他筛选条件（患者性别、年龄组、事件严重性）均为可选。建议谨慎使用筛选条件以避免过度限制查询范围。数据来源：FDA不良事件报告系统（FAERS）。,,未实现
生物医药,按查询字符串统计实体类别数量,数据分析,脚本,根据查询字符串获取各实体类别（疾病、靶点、药物）的条目数量,,未实现
生物医药,按物种检索蛋白互作,数据分析,脚本,通过NCBI分类学ID获取特定物种的所有蛋白互作信息。使用EBI Search API（IntAct数据库）查询指定物种的蛋白质互作关系，返回包含互作ID列表的结果（'interaction_ids'字段）。这些ID可用于intact_get_interaction_details工具获取详细信息。,,未实现
生物医药,按生效时间检索药物名称,数据分析,脚本,根据标签文档的生效时间检索药物名称,,未实现
生物医药,按给药途径检索药物名称,数据分析,脚本,根据给药途径检索药物名称,,未实现
生物医药,按药物与结局检索不良事件报告,数据分析,脚本,根据反应结局筛选特定药物的详细不良事件报告。返回包含患者信息、不良事件详情、药物信息和报告元数据的个案报告。仅需提供药物名称（必填）；其他参数（反应结局、返回数量、跳过数量、患者性别、患者年龄组、事件严重性）均为可选。数据来源：FDA不良事件报告系统（FAERS）。,,未实现
生物医药,按药物事件统计国家报告数,数据分析,脚本,统计每个国家发生的药品不良事件报告数量。仅需提供药品名称，其他筛选条件（患者性别、患者年龄组、事件严重性）均为可选。为避免搜索条件过于严格，请谨慎使用筛选条件。数据来源：FDA不良事件报告系统（FAERS）。,,未实现
生物医药,按适应症统计药物名称,数据分析,脚本,通过FDA计数API检索并汇总按适应症分类的药物名称。该工具使用计数机制高效获取品牌名和通用名的分布情况，而无需获取完整记录。,,未实现
生物医药,提取临床试验不良事件,数据分析,脚本,根据NCT ID从clinicaltrials.gov提取详细的临床试验不良事件结果,,未实现
生物医药,文献检索,数据分析,脚本,查找与关键词、PubTator实体ID（如“@GENE_BRAF”）或实体间关系表达式（如“relations:treat|@CHEMICAL_Doxorubicin|@DISEASE_Neoplasms”）匹配的PubMed文献。,,未实现
生物医药,晶体生长条件获取,数据分析,脚本,获取蛋白质结构的结晶方法和条件信息,,未实现
生物医药,查询GSEA支持的数据库工具,信息检索,数据库调用,返回 gene set enrichment analysis 支持的数据库名称列表。（磐石：支持对话调用）,gsea,未实现
生物医药,查询JASPAR数据库版本,数据分析,脚本,列出可用的JASPAR数据库版本（版本历史记录）。有助于研究可重复性：记录选择motif时使用的JASPAR版本，或在跨版本比较结果前检查存在的版本。,jaspar,未实现
生物医药,查询JASPAR物种列表,数据分析,脚本,列出JASPAR数据库中可用的物种（包含分类学ID和名称）。可用于通过`species`参数筛选矩阵。,jaspar,未实现
生物医药,查询UniProtKB条目别名,数据分析,脚本,从UniProtKB条目中提取所有别名（alternativeNames）,uniprotkb,未实现
生物医药,查询变异位点元数据,数据分析,脚本,通过变异位点ID（格式如'19-44908822-C-T'）从gnomAD数据库获取变异位点基础元数据。使用`gnomad_search_variants`工具可通过rsID查询获取有效的变异位点ID值。,,未实现
生物医药,查询基因变异信息,数据分析,脚本,通过变异ID（如rs699）获取特定基因变异的详细信息。返回包括等位基因、频率、功能影响及证据等数据。如需查找基因组区域的变异ID，请使用ensembl_get_variants工具。,,未实现
生物医药,查询基因的蛋白质相互作用,数据分析,脚本,从人类蛋白质图谱数据库中获取指定基因的已知蛋白质相互作用伙伴,,未实现
生物医药,查询基因相关变异,数据分析,脚本,从CIViC数据库中获取与特定基因相关的所有变异信息。返回内容包括变异名称、坐标及相关证据。建议先使用civic_search_genes查找基因ID后，再使用本工具探索该基因的所有癌症变异。,,未实现
生物医药,查询疾病关联药物,数据分析,脚本,通过疾病EFO ID检索已知关联药物,,未实现
生物医药,查询疾病关联表型,数据分析,脚本,根据指定的疾病EFO ID查询关联的HPO表型,,未实现
生物医药,查询疾病子代节点,数据分析,脚本,通过疾病EFO ID检索本体中的子代疾病节点,,未实现
生物医药,查询疾病谱系关系,数据分析,脚本,通过疾病EFO ID检索其在本体中的祖先与父级疾病节点,,未实现
生物医药,查询药品商品名与通用名,数据分析,脚本,根据药品通用名或商品名检索对应的商品名和通用名,,未实现
生物医药,查询药物不良反应,数据分析,脚本,根据药物名称检索不良反应信息,,未实现
生物医药,查询药物作用机制,数据分析,脚本,检索特定药物的作用机制信息,,未实现
生物医药,查询药物依赖性信息,数据分析,脚本,根据药物名称检索依赖性特征信息,,未实现
生物医药,查询药物停用信息,数据分析,脚本,根据提供的药物名称检索停用信息,,未实现
生物医药,查询药物儿科使用信息,数据分析,脚本,根据药物名称检索儿科使用信息,,未实现
生物医药,查询药物关联疾病,数据分析,脚本,基于临床试验数据或上市药物信息，检索与特定药物ChEMBL ID关联的疾病列表。,,未实现
生物医药,查询药物咨询联系人信息,数据分析,脚本,根据药物名称检索该药物的咨询联系人信息。,,未实现
生物医药,查询药物哺乳期信息,数据分析,脚本,检索特定药物对哺乳期母亲的相关信息,,未实现
生物医药,查询药物妊娠哺乳期信息,数据分析,脚本,根据指定药物名称检索妊娠或哺乳期相关信息,,未实现
生物医药,查询药物妊娠期影响信息,数据分析,脚本,检索特定药物对妊娠期的影响信息,,未实现
生物医药,查询药物安全警告,数据分析,脚本,根据药物名称检索特定用户安全警告,,未实现
生物医药,查询药物审批状态,数据分析,脚本,根据ChEMBL ID检索特定药物的审批状态,,未实现
生物医药,查询药物标签变更记录,数据分析,脚本,检索特定药物标签的重大近期变更记录,,未实现
生物医药,查询药物注意事项,数据分析,脚本,根据药物名称检索注意事项信息,,未实现
生物医药,查询药物滥用与依赖性信息,数据分析,脚本,根据药物名称获取药物滥用与依赖性相关信息，包括是否为管制药物、可能的滥用类型以及与这些滥用类型相关的不良反应。,,未实现
生物医药,查询药物滥用信息,数据分析,脚本,根据药物名称检索滥用类型相关信息,,未实现
生物医药,查询药物禁忌信息,数据分析,脚本,根据药物名称检索所有使用禁忌信息,,未实现
生物医药,查询药物禁忌症,数据分析,脚本,根据药物名称检索禁忌症信息,,未实现
生物医药,查询药物老年用药信息,数据分析,脚本,根据药物名称检索老年用药相关信息,,未实现
生物医药,查询药物致畸效应,数据分析,脚本,根据药物名称（商品名或通用名）检索其致畸效应信息,,未实现
生物医药,查询药物药代动力学,数据分析,脚本,根据药物名称检索其药代动力学信息（如吸收、分布、代谢、排泄、药物相互作用及特定患者群体数据）。,,未实现
生物医药,查询药物适应症,数据分析,脚本,根据药物名称检索其适应症及使用信息。,,未实现
生物医药,查询蛋白质亚细胞定位,数据分析,脚本,通过优化的列参数获取蛋白质的注释亚细胞定位信息，高效检索主要和次要亚细胞定位。,,未实现
生物医药,查询表位MHC限制性,数据分析,脚本,根据表位structure_id获取关联的MHC限制性数据（IEDB查询API），返回结果包含关联的elution_id。,mhc,未实现
生物医药,查询调控变异注释,数据分析,脚本,使用rsID查询RegulomeDB获取调控变异注释信息,,未实现
生物医药,查询需咨询医师的药品名称,数据分析,脚本,根据药物相互作用中需咨询医生或药师的信息检索药品名称。 **警告**：本工具仅输出预定义的有限数量药品名称，未覆盖所有可能性，请谨慎使用。,,未实现
生物医药,查询靶点关联药物,数据分析,脚本,获取与特定靶点Ensembl ID关联的已知药物及其信息（如ID、名称、作用机制等），包括药物临床试验阶段和作用机制。,,未实现
生物医药,核酸序列比对,数据分析,脚本,使用NCBI BLAST blastn工具在核酸数据库中搜索核酸序列,,已实现
生物医药,根据EFO ID查询疾病定位,数据分析,脚本,通过疾病EFO ID检索疾病的直接定位和间接定位相关术语及ID。,efoId,未实现
生物医药,根据EFO ID获取疾病描述,数据分析,脚本,通过指定的EFO ID检索疾病描述、名称、数据库交叉引用、过时术语以及是否为治疗领域的信息。,efoId,未实现
生物医药,根据FDA申请号或NDC号查询药品名称,数据分析,脚本,根据指定的FDA申请号或国家药品代码(NDC)号检索药品名称。,fdaNdc,未实现
生物医药,根据SPL Set ID获取完整标签,数据分析,脚本,根据SPL Set ID获取对应的完整标签内容，返回XML或JSON格式数据。,splSetId,未实现
生物医药,根据Set ID查询药物名称,数据分析,脚本,根据标签的Set ID检索对应的药物名称,setId,未实现
生物医药,根据不良反应检索药物名称,数据分析,脚本,根据报告的不良反应检索药物名称。警告：本工具仅输出预定义的有限数量药物名称，未涵盖所有可能的药物。请谨慎使用。,,未实现
生物医药,根据产品包装主显示面板检索药品名称,数据分析,脚本,根据产品包装主显示面板的内容检索药品名称,,未实现
生物医药,根据停药信息检索药物名称,数据分析,脚本,根据提供的停药信息检索药物名称,,未实现
生物医药,根据器械用途检索药物名称,数据分析,脚本,根据器械的预期用途检索药物名称,,未实现
生物医药,根据用药注意事项检索药物名称,数据分析,脚本,基于特定用药注意事项信息检索药物名称,,未实现
生物医药,根据用药说明检索药物名称,数据分析,脚本,根据特定用药说明检索药物名称,,未实现
生物医药,根据药代动力学检索药物名称,数据分析,脚本,基于特定药代动力学信息（如吸收、分布、代谢、排泄、药物相互作用及特定患者群体）检索药物名称,,未实现
生物医药,根据药物滥用依赖信息检索药品名称,数据分析,脚本,根据药物滥用和依赖信息检索药品名称，包括是否为管制药品、可能的滥用类型以及与这些滥用类型相关的不良反应。,,未实现
生物医药,根据警告信息检索药物名称,数据分析,脚本,根据特定的警告信息检索药物名称,,未实现
生物医药,根据警报检索药物名称,数据分析,脚本,根据特定不良反应事件相关的警报检索药物名称。警告：本工具仅输出预定义的有限数量药物名称，不涵盖所有可能性药物，请谨慎使用。,,未实现
生物医药,根据辅料查询药物名称,数据分析,脚本,基于辅料字段信息检索药物名称,,未实现
生物医药,根据适应症查询药物名称,数据分析,脚本,根据特定适应症或用途检索药物名称列表。,,未实现
生物医药,根据食品安全警告检索药物名称,数据分析,脚本,根据特定的食品安全警告检索药物名称,,未实现
生物医药,检索COVID-19数据集,数据分析,脚本,发现与COVID-19或SARS-CoV-2相关的数据集和资源，支持疫苗接种、住院情况等多主题检索，并提供数据源链接。,covid19,未实现
生物医药,检索EFO术语,数据分析,脚本,搜索EFO术语（OLS v4）。用于查找概念的IRI和OBO ID，然后将`iri`（或`obo_id`）传递给`ols_get_efo_term`或`ols_get_efo_term_children`。,efo,未实现
生物医药,检索ENCODE生物样本,数据分析,脚本,通过生物体、样本类型或处理条件检索ENCODE生物样本（细胞系、组织、原代细胞）。返回样本编号、类型、生物体、生命周期阶段及描述信息。用于发现ENCODE实验中使用的生物样本，查找感兴趣的细胞系或组织，或识别处理组与对照组样本。获取样本编号后可结合ENCODE_get_biosample工具查询详细表征数据。,encode,未实现
生物医药,GEO 数据库查询,信息检索,脚本,快速检索基因表达数据的重要数据库。,geo,未实现
生物医药,GWAS catalog 数据库查询,信息检索,脚本,遗传学研究的重要资源，收录了许多基因组关联数据。,gwas,未实现
生物医药,检索JASPAR矩阵,数据分析,脚本,使用常见查询参数搜索/过滤JASPAR矩阵。典型过滤器包括`search`（自由文本）、`name`、`collection`、`tax_group`、`species`以及通过`page`/`page_size`进行分页。,jaspar,未实现
生物医药,dbSNP 数据库查询,信息检索,脚本,单核苷酸多态性（SNP）数据库，快速检索SNP信息。,snp,未实现
生物医药,检索UniParc条目,数据分析,脚本,搜索UniParc数据库条目，返回符合查询条件的UniParc条目，用于查找特定蛋白质或序列的UniParc记录。查询语法支持蛋白质编号、基因名称、生物体筛选等。,uniparc,未实现
生物医药,检索临床实践指南,数据分析,脚本,通过NCBI E-utilities在PubMed中检索同行评审的临床实践指南。筛选结果仅包含指南和实践指南类出版物类型。提供来自全球医学期刊的高质量循证临床指南。,,未实现
生物医药,检索临床证据条目,数据分析,脚本,在CIViC数据库中检索临床证据条目。证据条目是经过人工审核的陈述，将变异或分子特征与临床结果、治疗方案或疾病状态相关联。返回包含描述、证据等级(A-E)和证据类型(PREDICTIVE/DIAGNOSTIC/PROGNOSTIC)的证据条目列表。,,未实现
生物医药,检索临床试验,数据分析,脚本,基于标题、适应症、干预措施、结局指标和状态，检索在clinicaltrials.gov注册的临床试验。返回分页的试验列表，包含各试验的NCT ID和描述。随后可使用NCT ID通过'获取临床试验详情'工具查询特定研究的详细协议字段，或通过'提取临床试验疗效/安全性数据'工具获取特定研究的疗效或不良事件结果。如需查看下一页结果，可将上一次输出中的'nextPageToken'值作为'pageToken'参数输入到下一次查询中。注意当前检索范围仅限于1期之后的试验。,,未实现
生物医药,检索人口健康调查数据,数据分析,脚本,该工具允许用户识别并获取由国际和国家组织进行的人口健康调查数据集。它帮助发现与健康相关的信息，如调查结果和衍生指标，可根据通用主题兴趣和地理背景进行定制。工具提供精选的调查数据集和相关访问链接，提供对健康趋势和研究就绪数据资源的洞察。确保搜索结果与以健康为重点的全球和区域查询保持一致，强调有意义且可操作的输出。如果用户希望查看实际数据，可使用'euhealthinfo_deepdive'工具。,,未实现
生物医药,检索传染病数据集,数据分析,脚本,该工具支持用户通过搜索和聚合多源数据，发现公开可用的健康相关数据集。它能独特地识别流行病学、疾病统计和健康指标等领域的相关数据集，并提供包括访问信息和主题分类在内的详细元数据。该工具旨在通过将资源整合为符合用户搜索背景的连贯输出，促进健康趋势的探索。若用户需要查看实际数据，可使用'euhealthinfo_deepdive'工具。,,未实现
生物医药,检索住院患者数据,数据分析,脚本,该工具用于获取和探索与医院住院活动相关的数据集，包括入院、出院、诊断和医疗程序。它旨在为用户提供精选的信息子集，以识别住院医疗的模式和趋势，并支持更广泛的医疗背景探索。工具根据指定的搜索条件生成结果，提供跨不同地区或设施类型的医疗动态洞察。如需查看实际数据，可使用'euhealthinfo_deepdive'工具。,,未实现
生物医药,检索作用机制,数据分析,脚本,通过药物、靶点或机制类型检索作用机制。查找药物或靶点ID请使用ChEMBL药物检索或ChEMBL靶点检索工具。,,未实现
生物医药,检索健康关键指标数据集,数据分析,脚本,该工具用于识别并获取包含来自注册机构和调查的高层次健康指标的聚合数据集，提供组织化的元数据和数据集链接，便于用户探索不同地理区域和主题的公共卫生信息。主要功能是简化对适用于广泛分析和决策的综合健康数据摘要的访问。如需深入查看实际数据，可使用'euhealthinfo_deepdive'工具。,,未实现
生物医药,检索儿科用药名称,数据分析,脚本,根据儿科用药信息检索药物名称,,未实现
生物医药,检索免疫表位,数据分析,脚本,搜索免疫表位（IEDB查询API）。用于发现表位`structure_id`值，然后使用表位关联工具（如`iedb_get_epitope_references`）获取相关参考文献、MHC、抗原等信息。提示：使用`select`仅请求少量字段（响应更小更快）；高级筛选可使用`filters`参数，值格式如`eq.123`或`ilike.*KVF*`。,,未实现
生物医药,检索分子特征谱,数据分析,脚本,在CIViC数据库中检索分子特征谱。分子特征谱代表作为临床解释生物标志物的变异或特征组合（如'BRAF V600E'、'EGFR T790M'）。返回包含ID、名称和描述的分子特征谱列表。,,未实现
生物医药,检索功能基因组学实验,数据分析,脚本,通过实验类型、靶蛋白、生物体或状态筛选ENCODE功能基因组学实验（如ChIP-seq、ATAC-seq、RNA-seq）。返回实验编号、描述和元数据。用于发现特定实验、转录因子或细胞类型的数据集。获取实验编号后可配合'获取实验详情'工具查询详细信息，或使用'列出实验文件'工具下载数据文件。,,未实现
生物医药,检索化学-蛋白质相互作用,数据分析,脚本,从STITCH数据库获取化学物质与蛋白质的相互作用信息，返回已知及预测的相互作用关系并附带置信度评分。,,未实现
生物医药,检索医疗支出数据集,数据分析,脚本,用于发现与医疗支出和消费趋势相关的数据集，支持跨国比较分析，返回数据集可用性信息。,,未实现
生物医药,检索含残留警告药物,数据分析,脚本,根据残留警告信息检索药物名称,,未实现
生物医药,检索含黑框警告药物,数据分析,脚本,检索具有特定黑框警告和不良反应的药物名称,,未实现
生物医药,检索基因交叉引用,数据分析,脚本,获取Ensembl基因、转录本或蛋白质的交叉引用（外部数据库ID）。返回与UniProt、RefSeq、HGNC、MGI等多个数据库的映射关系，可用于不同数据库标识符间的转换。,,未实现
生物医药,GWAS catalog 数据库查询,信息检索,脚本,遗传学研究的重要资源，收录了许多基因组关联数据。,gwas,未实现
生物医药,检索基因本体关联基因,数据分析,脚本,通过Biolink API查找与特定基因本体(GO)术语关联的所有基因/蛋白质,,未实现
生物医药,检索基因本体术语,数据分析,脚本,使用GOlr搜索引擎通过关键词搜索基因本体(GO)术语，返回GO术语及相关生物实体。,,未实现
生物医药,检索基因表达实验,数据分析,脚本,通过关键词、物种或芯片平台检索ArrayExpress实验数据。注：ArrayExpress已整合至BioStudies数据库，部分接口可能返回HTML而非JSON格式。返回实验元数据，包括标题、描述及可用的发表信息。,,未实现
生物医药,检索妊娠影响相关药物,数据分析,脚本,根据药物对孕妇或胎儿可能产生的影响信息检索药物名称,,未实现
生物医药,检索妊娠或哺乳期相关药物,数据分析,脚本,根据妊娠或哺乳期相关信息检索药物名称,,未实现
生物医药,检索安全警示关联药物,数据分析,脚本,获取具有特定安全处理警示的药物名称,,未实现
生物医药,检索实验方法,数据分析,脚本,根据实验类型、靶点、生物体等多种条件搜索实验方法，可获取其他工具所需的实验ChEMBL ID。,,未实现
生物医药,检索底层通路实体,数据分析,脚本,获取包含特定实体的最具体底层通路，返回层次结构最底层的通路信息,,未实现
生物医药,检索开放获取期刊文章,数据分析,脚本,在DOAJ（开放获取期刊目录）中检索开放获取文章，返回包含标题、作者、年份、DOI、期刊和URL的文章信息。,,未实现
生物医药,检索心理健康数据集,数据分析,脚本,该工具用于识别与心理健康主题相关的公开数据集。它从结构化研究和聚合数据集中检索数据，提供关于心理健康、行为因素及相关疾病在不同人群中的分析。结果符合高级主题标准，可为研究、政策制定和干预策略提供决策支持。如需深入分析数据，可使用'euhealthinfo_deepdive'工具。,,未实现
生物医药,检索文献,数据分析,脚本,根据多种条件检索ChEMBL文献（出版物）。,,未实现
生物医药,检索文献引用,数据分析,脚本,搜索文献引用（IEDB查询API）。用于发现reference_id值、PubMed ID和论文标题。提示：使用select参数可仅请求少量字段（响应更小更快）。,,未实现
生物医药,检索文献引用关系,数据分析,脚本,通过elink获取引用指定PMID的PubMed文献列表。返回在参考文献中引用输入文章的PMID列表，用于追踪引用影响、发现基于该论文的最新研究或探索研究成果的应用情况。对文献综述、影响力分析和跟进研究进展至关重要。可通过PubMed_search_articles工具查找PMID。,,未实现
生物医药,检索欧洲文献,数据分析,脚本,在欧洲文献数据库(Europe PMC)中搜索包含摘要的学术文章。该工具通过关键词查询Europe PMC网络服务，返回文章的标题、摘要、期刊、发表年份及全文链接等详细信息。,,未实现
生物医药,检索死亡原因数据,数据分析,脚本,用于搜索和获取特定原因死亡率数据集，可生成包含死亡率趋势摘要、元数据及外部资源链接的输出结果，帮助用户分析不同地区和国家公共卫生数据的模式。,,未实现
生物医药,检索死亡率监测数据,数据分析,脚本,识别并获取与死亡率趋势相关的公开数据源和监测系统，重点关注超额死亡率等模式。输出内容包括特定地理或主题背景下死亡率动态的相关监测系统及资源详情（受数据可用性限制）。,,未实现
生物医药,检索海洋物种分布记录,数据分析,脚本,通过灵活筛选条件从OBIS数据库检索海洋物种分布记录（含坐标/时间信息）。适用于海洋生物多样性分布分析。,,未实现
生物医药,检索物质使用数据集,数据分析,脚本,提供对酒精、烟草、电子烟及精神活性物质使用相关数据集的集中访问，可获取元数据及数据集链接，用于分析行为趋势、社会认知及相关影响。,,未实现
生物医药,检索特定人群用药名称,数据分析,脚本,根据药物在特定人群（如孕妇、哺乳期妇女、儿科患者和老年患者）中的使用情况检索药物名称。,,未实现
生物医药,检索环境警告关联药物,数据分析,脚本,根据指定的环境警告信息检索相关药物名称,,未实现
生物医药,检索生物医学文献,数据分析,脚本,通过PMC（PubMed Central）API检索生物医学全文文献。PMC是美国国立卫生研究院国家医学图书馆提供的生物医学与生命科学期刊文献免费全文存档库。,,未实现
生物医药,检索生物通路,数据分析,脚本,在Pathway Commons (PC2)数据库中检索生物通路。该工具可用于查找与特定关键词（如'p53'或'凋亡'）相关的通路信息。,,未实现
生物医药,检索电镜结构,数据分析,脚本,通过关键词搜索电子显微镜数据库(EMDB)中的冷冻电镜结构。返回匹配的EMDB条目列表，包含基本元数据如条目ID、标题、生物体、方法、分辨率和沉积日期。可用于通过蛋白质名称、生物体、生物过程或疾病发现相关结构，是查找待分析或下载结构的重要工具。,,未实现
生物医药,检索疾病关联靶点,数据分析,脚本,根据EFO ID查询疾病或表型关联的靶点信息,,未实现
生物医药,检索疾病同义词,数据分析,脚本,通过EFO ID检索疾病同义词,,未实现
生物医药,检索疾病相似实体,数据分析,脚本,基于PubMed训练的模型，检索给定EFO ID疾病的相似实体,,未实现
生物医药,检索疾病相关文献,数据分析,脚本,根据疾病EFO ID检索相关文献，包括PubMed ID和发表日期。,,未实现
生物医药,检索癌症变异相关基因,数据分析,脚本,在CIViC（癌症变异临床解释）数据库中检索基因。CIViC是一个社区知识库，包含专家整理的癌症变异解释。返回基因的ID、名称和描述。可在查询变异或证据前用于查找感兴趣的基因。,,未实现
生物医药,检索癌症数据集,数据分析,脚本,该工具提供与癌症主题相关的精选数据集和资源列表，包括发病率、患病率、生存率、筛查和肿瘤登记等详细信息。它分析缓存数据库中的数据，并呈现结构化输出，包含数据集摘要、元数据、标识符和其他相关属性，供用户探索不同背景和地区的癌症相关数据。若用户需要深入查看实际数据，可使用'euhealthinfo_deepdive'工具。,,未实现
生物医药,检索癌症治疗方案,数据分析,脚本,在CIViC数据库中检索癌症治疗方案（药物/治疗方法）。返回与CIViC中变异和证据相关联的癌症治疗方案及药物列表（含ID和名称）。可在按治疗方案查询证据条目或断言前，用于浏览可用治疗方案。,,未实现
生物医药,检索癌症疾病,数据分析,脚本,在CIViC数据库中检索癌症疾病。返回与变异体和证据相关联的癌症疾病及病症列表（包含ID和名称）。可用于在按疾病查询变异体或证据前浏览可用疾病实体。,,未实现
生物医药,检索癌症登记数据集,数据分析,脚本,用于识别并获取包含癌症相关统计信息的数据集，旨在帮助用户探索不同地理、语言和主题背景下关于癌症发病率、患病率、死亡率和生存率的资源。工具提供相关数据集链接及配套元数据，支持进一步分析和利用。如需查看具体数据，可使用'euhealthinfo_deepdive'工具。,,未实现
生物医药,检索癌症队列病例,数据分析,脚本,通过项目ID和筛选条件在NCI GDC数据库中检索癌症队列病例，用于获取病例级元数据以构建队列和后续文件查询。,,未实现
生物医药,检索相似蛋白质结构,数据分析,脚本,通过RCSB PDB结构相似性搜索，查找与给定PDB ID或序列相似的蛋白质结构。支持基于序列、结构和文本的搜索方式，适用于抗体、蛋白质及其他生物制剂。可通过文本搜索按药物名称、蛋白质名称或关键词查找PDB ID。,,未实现
生物医药,检索相关文献,数据分析,脚本,通过elink获取指定PMID的相关PubMed文献。返回基于标题、摘要和MeSH术语计算相似的文献列表，用于发现更多相关文献、查找类似研究或全面探索研究主题。该算法可识别内容、方法或主题相似的文献。查找PMID请使用PubMed_search_articles工具。,,未实现
生物医药,检索组织信息,数据分析,脚本,检索ChEMBL数据库中实验所用的组织信息,,未实现
生物医药,检索细胞系信息,数据分析,脚本,检索ChEMBL数据库中实验使用的细胞系信息,,未实现
生物医药,检索老年用药信息,数据分析,脚本,获取具有特定老年用药相关信息的药物名称,,未实现
生物医药,检索肥胖相关健康数据集,数据分析,脚本,该工具用于发现与健康主题相关的数据集，特别关注肥胖、超重状态、BMI及相关风险因素等领域。其主要功能是帮助用户定位多样化的健康信息资源，重点关注健康状况和行为的流行趋势及决定因素。如需查看具体数据，可使用'euhealthinfo_deepdive'工具。,,未实现
生物医药,检索致畸效应药物,数据分析,脚本,根据特定致畸效应类别（如妊娠A、B、C、D或X类）检索药物名称,,未实现
生物医药,检索药品标签信息,数据分析,脚本,通过药品名称、NDC编码、RXCUI编码、SetID等多种筛选条件查询SPL列表，返回元数据及数据数组。,,未实现
生物医药,检索药物不良事件报告,数据分析,脚本,从FDA不良事件报告系统（FAERS）中搜索并获取详细的药物不良事件报告。返回包含患者信息、不良事件详情、药物信息和报告元数据的个案报告。仅需提供药品名称（必填），其他参数（如返回数量、跳过数量、患者性别、患者年龄组、事件发生国家、严重性、致死性）均为可选。建议谨慎使用筛选条件以避免过度限制搜索结果。数据来源：FDA不良事件报告系统（FAERS）。,,未实现
生物医药,检索药物不良反应报告,数据分析,脚本,根据特定药物和反应类型搜索并获取详细的不良事件报告。返回包含患者信息、不良事件详情、药物信息和报告元数据的个案报告。数据来源：FDA不良事件报告系统(FAERS)。,,未实现
生物医药,检索药物与适应症相关不良事件报告,数据分析,脚本,检索并获取特定药物及适应症的详细不良事件报告。返回包含患者信息、不良事件详情、药物信息和报告元数据的个案报告。仅需提供药物名称(必填)，其他参数(药物适应症、返回数量、跳过数量、患者性别、患者年龄组、事件严重性)均为可选。数据来源：FDA不良事件报告系统(FAERS)。,,未实现
生物医药,检索药物严重不良事件报告,数据分析,脚本,搜索并获取特定药物的严重不良事件详细报告。返回包含患者信息、不良事件详情、药物信息和报告元数据的个案报告。仅需提供药物名称（必填）；其他参数（如限制数量、跳过数量、致死性、住院情况、危及生命性、致残性、患者性别、患者年龄组）均为可选。数据来源：FDA不良事件报告系统（FAERS）。,,未实现
生物医药,检索药物健康声明,数据分析,脚本,根据药物名称检索相关的健康声明信息,,未实现
生物医药,检索药物关联器械用途,数据分析,脚本,根据药物名称检索关联器械的预期用途,,未实现
生物医药,检索药物分娩期使用信息,数据分析,脚本,根据药物名称检索其在分娩或生产期间的使用信息,,未实现
生物医药,检索药物名称,数据分析,脚本,根据特定健康声明检索药物名称,,未实现
生物医药,检索药物名称（安全性摘要）,数据分析,脚本,根据药物安全性与有效性摘要信息检索药物名称,,未实现
生物医药,检索药物安全警告关联名称,数据分析,脚本,根据特定用户安全警告检索关联药物名称,,未实现
生物医药,检索药物患者信息,数据分析,脚本,根据药物名称获取患者相关信息,,未实现
生物医药,检索药物患者用药信息,数据分析,脚本,根据药物名称检索患者用药信息（关于药物安全使用的信息）,,未实现
生物医药,检索药物相互作用,数据分析,脚本,根据指定的药物名称检索药物相互作用信息,,未实现
生物医药,检索药物相互作用关联药物,数据分析,脚本,获取具有指定药物相互作用的药物名称列表,,未实现
生物医药,检索药物组合不良反应报告,数据分析,脚本,搜索并获取涉及多种药物（药物相互作用）的不良事件详细报告。返回包含所有指定药物的个案报告。必须提供至少2种药物名称（medicinalproducts参数），其他参数（limit、skip、patientsex、patientagegroup、serious）均为可选。数据来源：FDA不良事件报告系统（FAERS）。,,未实现
生物医药,检索药物警告信息,数据分析,脚本,根据药物名称检索警告信息,,未实现
生物医药,检索药物过量信息,数据分析,脚本,根据药物名称检索急性过量的体征、症状和实验室检查结果信息。,,未实现
生物医药,检索药物非致畸效应,数据分析,脚本,根据药物名称检索非致畸效应信息,,未实现
生物医药,检索药物风险信息,数据分析,脚本,根据特定风险信息（尤其是妊娠或哺乳相关风险）检索药物名称,,未实现
生物医药,检索药理学相互作用,数据分析,脚本,在药理学指南数据库中搜索靶点与配体之间的药理学相互作用。返回包含亲和力测量值（pKi、pIC50、pEC50）、作用类型（激动剂、拮抗剂、抑制剂）、物种和参考文献的交互数据。可按靶点类型、配体类型、亲和力阈值、已批准药物或物种进行筛选。用于发现药物-靶点对和构效关系研究。,,未实现
生物医药,检索药理学相关疾病,数据分析,脚本,从药理学指南中搜索并列出疾病及其关联的药理学靶点和配体，返回包含OMIM、疾病本体论和Orphanet数据库交叉引用的疾病信息，可用于识别疾病相关靶点、寻找治疗干预措施或探索特定病症的药理学。,,未实现
生物医药,检索蛋白质分类,数据分析,脚本,根据靶点、分类类型或其他条件检索蛋白质分类信息。如需查找靶点ID，请使用ChEMBL靶点检索工具。,,未实现
生物医药,检索警示药物,数据分析,脚本,根据特定警示与注意事项信息检索药物名称,,未实现
生物医药,检索转录因子结合位点,数据分析,脚本,从ReMap数据库中检索特定基因和细胞类型的转录因子结合位点,,未实现
生物医药,检索遗传变异,数据分析,脚本,通过rsID或名称在PharmGKB中检索遗传变异，返回变异ID及相关基因信息。,,未实现
生物医药,检索非致畸效应药物,数据分析,脚本,根据药物非致畸效应信息检索药物名称,,未实现
生物医药,检索靶点互作信息,数据分析,脚本,通过Ensembl ID获取特定靶点的互作数据，包括互作伙伴及证据信息。,,未实现
生物医药,检索靶点信息,数据分析,脚本,根据名称、生物体、靶点类型或其他条件检索靶点。使用此工具可获取其他工具所需的靶点ChEMBL ID。,,未实现
生物医药,检索靶点关联表型,数据分析,脚本,通过Ensembl ID查询与特定靶点相关的疾病或表型信息,,未实现
生物医药,检索靶点同义词,数据分析,脚本,根据给定的Ensembl ID检索指定靶点的同义词，包括替代名称和符号。,,未实现
生物医药,检索靶点基因本体注释,数据分析,脚本,通过Ensembl ID检索特定靶点的基因本体注释信息。,,未实现
生物医药,检索靶点相似实体,数据分析,脚本,基于PubMed训练的模型，检索给定靶点Ensembl ID的相似实体。,,未实现
生物医药,检索靶点相关小鼠模型,数据分析,脚本,获取特定靶点的小鼠生物学模型信息，包括等位基因组成和遗传背景。,,未实现
生物医药,检索靶点相关文献,数据分析,脚本,通过Ensembl ID检索与靶点相关的文献，包括PubMed ID和发表日期。,,未实现
生物医药,检索靶点类别,数据分析,脚本,通过Ensembl ID检索靶点关联的类别信息。,,未实现
生物医药,死亡率数据检索,数据分析,脚本,该工具用于探索和分析与死亡率指标相关的数据集，使用户能够研究不同地理区域的趋势和比较。它根据用户查询检索相关数据集，帮助识别模式并解答关于死亡率结果的关键问题。如需深入分析实际数据，可使用'euhealthinfo_deepdive'工具。,,未实现
生物医药,残疾相关数据集检索,数据分析,脚本,在多个数据集存储库中执行搜索，识别与残疾、无障碍环境、功能限制和护理质量相关的数据集。当数据集可直接获取时提供链接，若无法直接获取则标记需进一步调查的领域。如需深入分析数据，可使用'euhealthinfo_deepdive'工具。,,未实现
生物医药,浏览主题与分类,数据分析,脚本,该工具用于浏览并返回可用的主题和分类列表，适用于缩小广泛请求的范围（例如“显示所有主题”）。如需获取完整主题内容，可使用`odphp_topicsearch`工具。,,未实现
生物医药,海洋物种检索,数据分析,脚本,在世界海洋物种名录(World Register of Marine Species)中检索海洋物种信息,,未实现
生物医药,海洋生物分类检索,数据分析,脚本,通过学名查询OBIS数据库中的海洋生物分类，获取标准化标识符(AphiaID)、分类等级及名称。用于海洋生物分布数据查询前的预处理。,,未实现
生物医药,物种分布记录查询,数据分析,脚本,从GBIF检索物种分布记录，支持分类单元键值(taxonKey)、国家、坐标等筛选条件。适用于分布图绘制、仅存在性建模及采样背景分析。,,未实现
生物医药,物种检索,数据分析,脚本,通过关键词（学名或俗名）在GBIF数据库中查询物种分类信息。用于将生物名称解析为稳定的分类单元键（分类等级、谱系），以便后续进行生物多样性或分布记录查询。,,未实现
生物医药,生物医学实体自动补全,数据分析,脚本,为部分生物医学术语（基因、疾病、化学物质或变异体）提供最匹配的标准化PubTator ID建议。使用此工具可先将自由文本名称转换为其他PubTator API所需的稳定@ID。,,未实现
生物医药,生物模型文件列表,数据分析,脚本,获取特定生物模型条目的详细文件列表，包括文件名、类型、大小和元数据。返回与模型关联的所有文件信息（SBML文件、图表、补充数据、COMBINE存档）。在下载前使用此工具可查看可用文件及其格式。需要从biomodels_search或BioModels_get_model获取模型ID。,,未实现
生物医药,生育数据检索,数据分析,脚本,该工具识别并获取与生育率、出生趋势及围产期指标相关的数据，用于结构化分析。它生成元数据或汇总输出，支持跨地理区域或国家的比较，为统计或人口学研究提供基础。如需深入分析实际数据，可使用'euhealthinfo_deepdive'工具。,,未实现
生物医药,用药指南药物检索,数据分析,脚本,根据用药指南中是否包含特定信息检索药物名称,,未实现
生物医药,用药警示检索药物名称,数据分析,脚本,根据用药警示信息检索对应的药物名称,,未实现
生物医药,电镜三维拟合与重构详情获取,数据分析,脚本,根据给定的PDB编号检索电镜三维拟合模型详情及关联的三维重构信息,,未实现
生物医药,疫苗接种数据检索,数据分析,脚本,用于发现和访问与疫苗接种及免疫统计相关的数据集，包括全球和区域趋势及覆盖率数据。提供相关数据集的摘要，并便于获取用于分析免疫相关健康数据的综合资源。如需深入查看具体数据，可使用'euhealthinfo_deepdive'工具。,,未实现
生物医药,疾病治疗领域检索,数据分析,脚本,根据疾病EFO ID获取关联的治疗领域信息。,,未实现
生物医药,禁忌症检索药物名称,数据分析,脚本,根据特定的禁忌症信息检索药物名称,,未实现
生物医药,组织特异性蛋白互作分析,数据分析,脚本,从HumanBase获取组织特异性蛋白互作网络及相关生物过程。返回组织特异性蛋白互作网络（NetworkX图）及基因关联的基因本体生物过程列表。,,未实现
生物医药,细胞库查询转换器,数据分析,脚本,将自然语言查询转换为适用于Cellosaurus API搜索的Solr语法，利用语义相似性将术语映射到相应字段,,未实现
生物医药,结合位点检索,数据分析,脚本,根据靶点、位点名称或其他条件检索结合位点,,未实现
生物医药,统计药物不良事件,数据分析,脚本,聚合指定药品的不良反应计数。仅需提供药品名称（必填），其他筛选条件（患者性别、年龄组、发生国家、严重性、致死性）均为可选。建议谨慎使用筛选条件以避免返回空结果。数据来源：FDA不良事件报告系统(FAERS)。,,未实现
生物医药,统计药物不良事件严重性报告数,数据分析,脚本,"统计被分类为严重或非严重的不良事件报告数量。仅需提供药品名称（medicinalproduct）；其他筛选条件（患者性别、年龄组、发生国家）均为可选。请谨慎使用筛选条件以避免过度限制搜索结果。结果中，""严重""表示：""不良事件导致死亡、危及生命、住院、残疾、先天异常或其他严重情况""，""非严重""表示""不良事件未导致上述任何情况""。数据来源：FDA不良事件报告系统（FAERS）。",,未实现
生物医药,统计药物不良事件患者年龄分布,数据分析,脚本,分析特定药物引发不良事件患者的年龄分布。年龄分组包括：新生儿（0-28天）、婴儿（29天-23个月）、儿童（2-11岁）、青少年（12-17岁）、成人（18-64岁）、老年（65岁及以上）。数据来源：FDA不良事件报告系统（FAERS）。,,未实现
生物医药,统计药物不良事件报告国家分布,数据分析,脚本,统计FDA不良事件报告中按主要报告国家分组的报告数量。必须提供药物名称；其他筛选条件（患者性别、年龄组、事件严重性）均为可选。建议谨慎使用筛选条件以避免过度限制搜索结果。数据来源：FDA不良事件报告系统(FAERS)。,,未实现
生物医药,统计药物不良事件报告数,数据分析,脚本,统计FDA不良事件报告中涉及的不同药物数量。所有筛选条件（患者性别、患者年龄组、事件发生国家、严重性）均为可选。请谨慎使用筛选条件以避免搜索范围过于受限。数据来源：FDA不良事件报告系统(FAERS)。,,未实现
生物医药,统计药物不良事件结局,数据分析,脚本,统计药物不良事件的结局类型（康复中、已康复、致命、未解决）。仅需提供药品名称，其他筛选条件（患者性别、年龄组、发生国家）均为可选。为避免搜索结果过于局限，请谨慎使用筛选条件。数据来源：FDA不良事件报告系统（FAERS）。,,未实现
生物医药,统计药物不良事件给药分布,数据分析,脚本,统计指定药品不良事件的给药途径分布。仅需提供药品名称数组（必填）；严重性筛选条件为可选参数。建议谨慎使用筛选条件以避免过度限制搜索结果。数据来源：FDA不良事件报告系统(FAERS)。,,未实现
生物医药,统计药物不良事件给药途径,数据分析,脚本,统计指定药品不良事件的给药途径分布。仅需提供药品名称数组（必填）；严重性筛选条件为可选参数。建议谨慎使用筛选条件以避免过度限制搜索结果。数据来源：FDA不良事件报告系统(FAERS)。,,未实现
生物医药,统计药物不良反应事件数,数据分析,脚本,统计指定药物报告的不良反应事件数量。必须提供药品名称；其他筛选条件（患者性别、年龄组、发生国家、严重性、致死性、MedDRA反应术语）均为可选。当未指定MedDRA反应术语时，返回按MedDRA首选术语分组的所有不良反应（AE）及其计数。若指定MedDRA反应术语，则筛选结果仅包含该特定MedDRA最低层级术语。建议谨慎使用筛选条件以避免过度限制导致无结果返回。数据来源：FDA不良事件报告系统（FAERS）。,,未实现
生物医药,统计药物不良反应结局,数据分析,脚本,统计药品不良反应结局数量（如康复、缓解、死亡等）。仅需提供药品名称，其他筛选条件（患者性别、年龄组、发生国家）均为可选。建议谨慎使用筛选条件以避免过度限制查询结果。数据来源：FDA不良事件报告系统（FAERS）。,,未实现
生物医药,统计药物严重不良反应分类,数据分析,脚本,量化药物严重与非严重不良反应分类统计。仅需提供药物名称数组，其他筛选条件（患者性别、年龄组、发生国家）均为可选。建议谨慎使用筛选条件以避免过度限制查询范围。数据来源：FDA不良事件报告系统(FAERS)。,,未实现
生物医药,统计药物相关死亡不良事件,数据分析,脚本,统计指定药物关联的患者死亡不良事件数量。仅需提供药品名称。数据来源：FDA不良事件报告系统(FAERS)。,,未实现
生物医药,致癌致突变药物检索,数据分析,脚本,根据致癌性、致突变性或生育损害信息检索药物名称,,未实现
生物医药,药品储存条件查询工具,数据分析,脚本,根据药品的储存与处理信息检索药品名称,,未实现
生物医药,药品名称查询组装安装信息,数据分析,脚本,根据药品名称检索组装或安装说明。,,未实现
生物医药,药品名称查询警报信息,数据分析,脚本,根据指定的药品名称检索相关警报信息,,未实现
生物医药,药效学信息检索药物名称,数据分析,脚本,基于药效学信息检索药物名称,,未实现
生物医药,药物QT间期延长风险查询,数据分析,脚本,通过通用名或DrugBank ID查询DIQTA数据集中药物诱导QT间期延长的风险信息。不建议对通用名使用精确匹配搜索。,qt,未实现
生物医药,药物临床药理学信息检索,数据分析,脚本,根据药物名称检索临床药理学信息,,未实现
生物医药,药物人群使用信息获取工具,数据分析,脚本,根据药物名称检索特定人群中的药物使用信息,,未实现
生物医药,药物名称查询药物基因组学信息,数据分析,脚本,根据药物名称检索药物基因组学信息,,未实现
生物医药,药物基因组学数据查询,数据分析,脚本,检索特定药物的基因组学数据，包括证据等级和基因型注释。,,未实现
生物医药,药物微生物学信息查询,数据分析,脚本,根据药物名称检索微生物学信息,,未实现
生物医药,药物心脏毒性风险检索,数据分析,脚本,在DICTrank数据集中通过商品名、通用名或活性成分检索药物诱导心脏毒性(DICT)风险信息。不建议使用精确匹配搜索。,,未实现
生物医药,药物性肝损伤风险查询,数据分析,脚本,通过化合物名称查询DILIrank数据集中药物性肝损伤(DILI)风险信息。不建议使用精确匹配搜索。,,未实现
生物医药,药物数据库全文检索,数据分析,脚本,在清洗后的DrugBank数据框（每行代表一种药物）中通过ID、通用名或别名进行检索。返回标识符、ATC编码、主要药理学文本字段及蛋白质相互作用伙伴。为获得最佳结果，建议先使用`drugbank_vocab_search`工具通过关键词获取DrugBank ID，再使用本工具配合DrugBank ID进行查询。,,未实现
生物医药,药物滥用类型及不良反应检索工具,数据分析,脚本,根据药物滥用类型及相关药物不良反应信息检索药物名称。警告：本工具仅输出预定义的有限数量药物名称，未涵盖所有可能的药物，请谨慎使用。,,未实现
生物医药,药物致癌致畸生殖毒性查询,数据分析,脚本,根据药物名称检索其致癌性、致突变性或生殖毒性信息。,,未实现
生物医药,AlphaFold2,预测与建模,模型,根据蛋白质的氨基酸序列预测其三维结构。,alphafold,未实现
生物医药,AlphaFold2,预测与建模,模型,根据蛋白质的氨基酸序列预测其三维结构。,alphafold,未实现
生物医药,AlphaFold2,预测与建模,模型,根据蛋白质的氨基酸序列预测其三维结构。,alphafold,未实现
生物医药,获取CIViC临床声明,数据分析,脚本,通过声明ID从CIViC数据库中获取特定临床声明的详细信息。临床声明是整合多项证据项形成临床可操作性正式陈述的高阶临床解读。,civic,未实现
生物医药,获取CIViC变异信息,数据分析,脚本,通过变异ID从CIViC数据库中获取特定变异的详细信息。变异代表在癌症中具有临床意义的特定遗传改变（SNV、插入缺失、结构变异等）。返回变异名称、坐标、基因关联及相关信息。,civic,未实现
生物医药,获取EBI可搜索字段列表,数据分析,脚本,获取指定EBI域的可搜索字段列表。用于了解查询和字段特定搜索中可用的字段。,ebi,未实现
生物医药,获取EBI域信息,数据分析,脚本,获取特定EBI域（如ensembl、uniprot、interpro等）的元数据和字段信息。返回域描述、可用字段及搜索能力。,ebi,未实现
生物医药,获取EBI条目详情,数据分析,脚本,通过ID从EBI指定域（如ensembl、uniprot、interpro）中获取条目的详细信息。若直接使用entry_id无效时，工具会自动搜索并返回匹配条目。返回数据包含所有可用字段。,ebi,未实现
生物医药,获取ENA核酸序列(XML格式),数据分析,脚本,通过ENA编号获取XML格式的核酸序列，返回XML格式的序列记录。注意：XML接口可能返回400错误。如需可靠获取序列，请使用ena_get_sequence_fasta或ena_get_sequence_embl工具，或直接通过ENA网站访问XML格式数据。,enaXml,未实现
生物医药,获取ENCODE实验元数据,数据分析,脚本,通过实验编号获取ENCODE数据库中特定实验的完整元数据。返回信息包括实验类型、靶蛋白、生物样本详情、重复实验、文件、质量指标、分析流程、实验室、资助信息及文献引用等。可用于在下载前了解实验设计、数据质量及可用文件。,encode,未实现
生物医药,获取ENCODE文件元数据,数据分析,脚本,通过ENCODE文件编号获取详细的元数据信息。返回包括文件格式、输出类型、数据集编号、生物/技术重复数、文件大小、MD5校验值、下载链接(href)、基因组组装版本、质量指标和处理状态等完整文件信息。用于获取下载链接、验证文件完整性及了解文件来源。文件编号格式为ENCFF######，可通过ENCODE_list_files工具查询。,encode,未实现
生物医药,获取ENCODE生物样本元数据,数据分析,脚本,通过ENCODE生物样本编号获取详细的元数据信息。返回包括生物样本类型、生物体、生命阶段、年龄、性别、组织/细胞系名称、供体信息、处理方式、遗传修饰、培养条件和特征描述等全面信息。对于理解ENCODE数据集的样本来源、实验条件和生物学背景至关重要。使用ENCODE_search_biosamples工具查找生物样本编号(格式:ENCBS######)。,encode,未实现
生物医药,GEO 数据库查询,信息检索,脚本,快速检索基因表达数据的重要数据库。,geo,未实现
生物医药,GEO 数据库查询,信息检索,脚本,快速检索基因表达数据的重要数据库。,geo,未实现
生物医药,OligoFormer,预测与建模,脚本,可以自动设计并推荐高效靶向特定 mRNA 的 siRNA 分子。,go,未实现
生物医药,GWAS catalog 数据库查询,信息检索,脚本,遗传学研究的重要资源，收录了许多基因组关联数据。,gwas,未实现
生物医药,获取HCA项目文件清单,数据分析,脚本,根据项目ID检索人类细胞图谱(HCA)项目中可下载的文件列表。,hca,未实现
生物医药,获取HPO ID,数据分析,脚本,检索表型或症状对应的HPO ID,hpoId,未实现
生物医药,InterPro 数据库查询,信息检索,脚本,整合了多个蛋白质家族、结构域和功能位点的数据库系统。,interpro,未实现
生物医药,获取JASPAR矩阵,数据分析,脚本,通过`matrix_id`（如MA0002.2）获取单个JASPAR矩阵的完整详情。返回元数据及PFM/PWM。为确保分析可重复性，建议使用`jaspar_get_matrix_versions`配合对应的`base_id`（如MA0002）查看所有版本并选择/引用您使用的确切版本。,jaspar,未实现
生物医药,获取JASPAR矩阵版本,数据分析,脚本,列出指定JASPAR矩阵基础ID（如MA0002）的所有可用版本。该功能有助于实现可重复性研究（选择特定矩阵版本如MA0002.2）以及跟踪不同发布版本的更新情况。,jaspar,未实现
生物医药,差异标志物发现,代谢组学,脚本,面向代谢物 biomarker：缺失值与归一化、PCA/PLS-DA、多维模型效能对比、VIP 与显著性筛选。,kegg,未实现
生物医药,获取ODPHP链接文本,数据分析,脚本,该工具从ODPHP文章链接和信息源中提取可读文本。适用于使用`odphp_myhealthfinder`或`odphp_topicsearch`工具后，或用户需要深入分析ODPHP数据时。,odphp,未实现
生物医药,获取PRIDE项目文件,数据分析,脚本,获取PRIDE Archive项目中完整的数据文件列表，包括原始质谱文件、搜索结果、FASTA数据库和补充数据。返回包含文件名、类型、大小、FTP/Aspera下载链接和校验值的文件元数据。对于下载蛋白质组学数据集进行重新分析或整合至关重要。使用来自PRIDE_search_proteomics的accession。,pride,未实现
生物医药,获取PRIDE项目详情,数据分析,脚本,通过项目编号获取PRIDE Archive中特定项目的完整详细信息，返回包括实验设计、样本信息、使用仪器、数据处理方法、出版物链接、蛋白质鉴定、定量数据及文件下载URL在内的完整项目元数据。,pride,未实现
生物医药,PubMed数据库查询,信息检索,脚本,生物医学文献信息检索系统。,pubmed,已实现
生物医药,PubMed数据库查询,信息检索,脚本,生物医学文献信息检索系统。,pubmed,已实现
生物医药,获取UMLS概念详情,数据分析,脚本,通过CUI（概念唯一标识符）获取UMLS概念的详细信息，返回概念详情、原子项、定义、关系及与其他术语系统的映射，需使用免费UMLS API密钥（注册地址：https://uts.nlm.nih.gov/uts）并设置UMLS_API_KEY环境变量。,umls,未实现
生物医药,获取UniParc条目,数据分析,脚本,通过UniParc ID（UPI）获取UniParc条目。UniParc是一个非冗余的公开蛋白质序列存档库，返回序列、交叉引用和序列特征信息。UniParc ID格式为UPI000002ED67。可通过`UniProt_get_entry_by_accession`工具查询UniProt条目的UniParc ID（位于extraAttributes.uniParcId字段）。,uniparc,未实现
生物医药,获取UniProtKB剪接异构体ID,数据分析,脚本,从UniProtKB条目中提取所有剪接异构体ID（isoformNames）,uniprotkbId,未实现
生物医药,获取UniRef聚类信息,数据分析,脚本,通过聚类ID获取UniRef聚类信息。UniRef聚类将蛋白质按100%（UniRef100）、90%（UniRef90）或50%（UniRef50）序列相似性分组。返回聚类元数据、代表成员、成员数量和成员列表。聚类ID格式为UniRef100_P04637、UniRef90_P04637或UniRef50_P04637。,uniref,未实现
生物医药,获取WHO全球卫生观测数据,数据分析,脚本,从WHO全球卫生观测(GHO)数据库中检索特定指标的卫生数据。支持按国家、年份等维度筛选，返回实际卫生统计与测量结果。,who,未实现
生物医药,获取WHO指南全文,数据分析,脚本,从世界卫生组织（WHO）指南出版物页面获取全文内容，提取可用网页内容并查找PDF下载链接。在使用WHO指南搜索工具找到指南后，使用本工具获取全文内容或PDF链接。,who,未实现
生物医药,获取mRNA序列工具,信息检索,数据库调用,根据目标疾病靶点基因名称检索 mRNA 序列，并返回 FASTA 文件。（磐石：支持对话调用）,mrna,未实现
生物医药,获取临床注释,数据分析,脚本,获取基因-药物-表型关系的临床注释数据，返回变异水平的临床显著性信息。若已知特定注释ID可提供'annotation_id'参数。,,未实现
生物医药,获取临床证据条目,数据分析,脚本,通过证据ID从CIViC数据库中获取特定临床证据条目的详细信息。证据条目将分子特征或变异与临床结果、治疗方案或疾病状态相关联，并提供经过文献支持的注释信息。,,未实现
生物医药,获取临床试验入选标准,数据分析,脚本,根据临床试验的NCT ID检索其入选标准,,未实现
生物医药,获取临床试验参考文献,数据分析,脚本,根据临床试验的NCT ID检索其参考文献（如果有）,,未实现
生物医药,获取临床试验地点,数据分析,脚本,根据NCT ID检索临床试验的实施地点,,未实现
生物医药,获取临床试验描述信息,数据分析,脚本,根据临床试验的NCT ID检索详细的识别信息，包括标题、阶段和描述。,,未实现
生物医药,获取临床试验条件与干预措施,数据分析,脚本,根据临床试验的NCT ID检索其研究的疾病或条件以及干预措施和试验组信息,,未实现
生物医药,获取临床试验状态与日期,数据分析,脚本,根据NCT ID检索临床试验状态及起止日期,,未实现
生物医药,获取临床试验结局指标,数据分析,脚本,根据NCT ID检索临床试验的结局指标,,未实现
生物医药,获取临床试验详情,数据分析,脚本,通过NCT ID检索特定临床试验的详细信息。,,未实现
生物医药,获取互作分子信息,数据分析,脚本,通过稳定ID获取互作分子（蛋白质、复合物或小分子）的详细信息，返回包括参考实体、细胞区室和相关通路在内的全面互作数据，适用于所有实体类型的统一查询接口。,,未实现
生物医药,获取代谢物标准命名,数据分析,脚本,获取代谢物的RefMet标准命名信息。RefMet为不同研究提供统一、标准化的代谢物名称。,,未实现
生物医药,获取代谢组学研究实验因素,数据分析,脚本,获取MetaboLights研究中定义的实验因素（变量）。返回因素定义，包括处理组、时间点、疾病状态或其他实验变量。每个因素包含名称、类型和受控词汇注释。用于了解研究变量及样本分组方式。,,未实现
生物医药,获取代谢组学研究实验方案,数据分析,脚本,获取MetaboLights研究中使用的实验方案。返回详细的实验方案信息，包括样本采集、提取、色谱分析和数据获取方法。每个方案包含名称、类型、描述及受控词汇注释。用于理解研究中采用的实验方法学。,,未实现
生物医药,获取代谢组学研究数据文件,数据分析,脚本,获取MetaboLights研究中数据文件的列表，返回该研究可用的分析数据文件（原始或处理后的光谱、峰列表等）的元数据。此接口专门针对数据文件，可能与通用文件接口不同，用于发现可供下载和分析的数据文件。,,未实现
生物医药,获取代谢组学研究文件,数据分析,脚本,获取与MetaboLights研究关联的文件列表，返回文件元数据（包括文件名、类型和下载链接）。注意：文件端点常返回500错误（已知MetaboLights API问题），工具会自动回退到研究端点提取文件信息（含FTP/HTTP URL）；若两种方法均失败，可通过MetaboLights网站访问：https://www.ebi.ac.uk/metabolights/studies/{study_id},,未实现
生物医药,获取代谢组学研究详情,数据分析,脚本,通过研究ID获取MetaboLights平台中特定代谢组学研究的详细信息，返回包括标题、描述、作者和发表信息在内的完整元数据。,,未实现
生物医药,获取冷冻电镜结构相关文献,数据分析,脚本,获取EMDB条目相关的出版物信息，包括期刊文章、预印本和描述冷冻电镜结构的引用文献。返回出版物标题、作者、期刊、DOI、PubMed ID和摘要。用于查找与结构相关的研究论文、了解实验背景或引用原始工作。,,未实现
生物医药,获取分子互作伙伴,数据分析,脚本,根据给定标识符获取所有互作伙伴（化学分子与蛋白质），返回相关分子网络。,,未实现
生物医药,获取分子关联靶点,数据分析,脚本,通过ChEMBL ID获取与分子关联的所有靶点，返回具有该分子活性数据的靶点信息,,未实现
生物医药,获取分子特征信息,数据分析,脚本,通过分子特征ID从CIViC数据库中获取特定分子特征的详细信息。分子特征代表作为临床解释生物标志物的变异或特征组合（例如'BRAF V600E'）。返回内容包括特征名称、描述及相关变异信息。,,未实现
生物医药,获取化石记录,数据分析,脚本,从古生物学数据库获取化石记录,,未实现
生物医药,获取反应/通路祖先事件,数据分析,脚本,获取反应或通路的祖先事件（父级通路）,,未实现
生物医药,获取反应参与者,数据分析,脚本,获取反应或事件的所有参与者（物理实体）。返回参与事件的物理实体列表（蛋白质、复合物、小分子等），包括它们的参考实体。,,未实现
生物医药,获取反应参与者参考实体,数据分析,脚本,获取反应或事件的参与者对应的参考实体（如UniProt蛋白质、ChEBI化学物质等），返回包含数据库标识符和名称的参考实体列表。,,未实现
生物医药,获取反应详细信息,数据分析,脚本,通过反应稳定ID获取特定反应/事件的详细信息。返回包括输入、输出、调控、文献引用和参与者在内的全面反应数据。使用统一查询端点。请先使用Reactome_get_pathway_reactions获取有效的反应ID。,,未实现
生物医药,获取变异临床意义,数据分析,脚本,从ClinVar数据库查询变异体的临床意义信息，包括致病性分类和临床解释。,,未实现
生物医药,获取变异等位基因频率,数据分析,脚本,从dbSNP数据库获取变异位点的等位基因频率，返回群体特异的等位基因频率数据。,,未实现
生物医药,获取变异表型关联,数据分析,脚本,获取特定遗传变异的表型关联信息。返回包含性状、研究和效应值等详细表型信息，用于理解变异的表型后果。,,未实现
生物医药,获取变异详细信息,数据分析,脚本,通过变异ID从ClinVar获取详细的变异信息，返回包括临床意义在内的全面变异数据,,未实现
生物医药,OligoFormer,预测与建模,脚本,可以自动设计并推荐高效靶向特定 mRNA 的 siRNA 分子。,go,未实现
生物医药,获取基因信息,数据分析,脚本,通过KEGG基因ID获取详细的基因信息，包括序列、功能和通路关联等数据。,,未实现
生物医药,获取基因成药性信息,数据分析,脚本,获取基因的成药性信息。返回基因类别，指示基因是否具有成药性（如激酶、GPCR、离子通道等）。,,未实现
生物医药,获取基因树,数据分析,脚本,获取基因的进化树（系统发育树），返回跨物种直系同源和旁系同源基因的进化关系，用于研究基因进化及在其他物种中寻找相关基因。基因树ID可通过基因查询响应（expand=1时）或查询Compara数据库获得。,,未实现
生物医药,获取基因注释信息,数据分析,脚本,通过基因ID（Entrez或Ensembl）获取特定基因的详细注释信息，返回包括基因本体、通路、蛋白结构域和文献引用在内的全面信息。,,未实现
生物医药,获取基因相关生物过程,数据分析,脚本,获取基因相关的生物过程信息，特别关注关键过程如细胞凋亡、细胞周期等。,,未实现
生物医药,获取基因约束性指标,数据分析,脚本,从gnomAD数据库获取指定基因符号(GRCh38)的基因约束性指标，返回exac_constraint和gnomad_constraint下的约束性字段（如pLI、oe_lof/oe_mis/oe_syn、exp/obs计数等）。,,未实现
生物医药,获取基因组区域信息,数据分析,脚本,从gnomAD数据库获取指定基因组区间的基础信息。返回该区间内重叠的基因列表及所选数据集中的变异ID列表（`variant_id`）。这些ID可用于`gnomad_get_variant`工具进一步查询。为避免数据量过大，请保持查询区间较小。,,未实现
生物医药,获取基因组调控元件,数据分析,脚本,获取基因组区域内的调控元件（如启动子、增强子、转录因子结合位点），返回包含元件类型、位置和证据的调控注释信息，用于识别可能调控基因表达的元件。,,未实现
生物医药,获取实体关联事件,数据分析,脚本,获取与实体关联的事件（反应/子通路）。返回解析为结构化JSON的TSV格式事件数据。API返回制表符分隔的值（ID、名称、类型），这些值会自动转换为JSON格式。,,未实现
生物医药,获取实体区室信息,数据分析,脚本,获取实体的区室信息，返回TSV格式的区室数据并解析为结构化JSON。API返回制表符分隔的值（ID、名称、类型），这些值会自动转换为JSON格式。,,未实现
生物医药,获取实验文件列表,数据分析,脚本,获取与ArrayExpress实验关联的文件列表，返回文件元数据，包括文件名、类型和下载链接。,,未实现
生物医药,获取实验样本信息,数据分析,脚本,获取ArrayExpress实验的样本元数据，包括样本名称、特征和因子值,,未实现
生物医药,获取实验活性数据,数据分析,脚本,根据ChEMBL实验ID获取实验的所有活性数据，返回指定实验的生物活性测量结果。如需查找实验ID，请使用ChEMBL搜索实验或ChEMBL获取靶点实验工具。,,未实现
生物医药,获取序列,数据分析,脚本,获取基因、转录本或基因组区域的DNA或蛋白质序列。返回包含元数据的JSON格式序列。支持多种序列类型：基因组DNA、编码序列(CDS)、cDNA和肽序列。,,未实现
生物医药,获取数据库条目,数据分析,脚本,根据ID从各类数据库（UniProt、PDB等）中获取单个条目，支持FASTA、XML、JSON等多种格式。,,未实现
生物医药,获取文献参考文献,数据分析,脚本,从Europe PMC获取文章的参考文献（书目）。参考文献是指定文章引用的其他文章。需要提供来源（例如，'MED'代表PubMed，'PMC'代表PMC）和文章ID。使用EuropePMC_search_articles工具先查找文章ID。,,未实现
生物医药,获取文献引用,数据分析,脚本,从Europe PMC获取指定文章的引用文献列表。引用文献是指引用了该指定文章的其他文章。需要提供来源数据库（如PubMed用'MED'，PMC用'PMC'）和文章ID。建议先使用EuropePMC_search_articles工具查找文章ID。,,未实现
生物医药,获取核心精修统计量,数据分析,脚本,获取给定PDB结构的核心精修统计量，包括R因子、占有率、相位误差和溶剂模型参数。,,未实现
生物医药,获取活性数据,数据分析,脚本,通过活性ID获取特定活性的详细信息。活性ID可从ChEMBL活性搜索或获取靶点活性结果中获得。,,未实现
生物医药,获取生物模型元数据,数据分析,脚本,通过模型标识符获取特定BioModels条目的全面元数据。返回详细信息包括模型名称、描述、参考文献、生物体、生物过程、SBML级别/版本、创建/修改日期以及策展人注释。使用此工具可在下载或使用模型前了解模型详情、引用文献及生物学背景。,,未实现
生物医药,获取电子密度图信息,数据分析,脚本,获取EMDB条目的详细电子密度图信息，包括图谱统计、等高线水平、像素间距、维度、对称性及图谱文件下载链接。返回对图谱可视化、模型拟合和计算分析至关重要的技术细节。可用于准备在ChimeraX、Coot或PyMOL等工具中进行结构可视化。,,未实现
生物医药,获取电镜成像参数,数据分析,脚本,获取EMDB条目的电子显微镜成像参数，包括显微镜型号、检测器类型、加速电压、剂量率、总电子剂量、离焦范围和数据采集策略。返回的技术细节对于理解数据质量、重现实验和优化成像方案至关重要。可用于评估数据采集质量或设计类似实验。,,未实现
生物医药,获取电镜数据验证结果,数据分析,脚本,获取EMDB条目的验证分析结果，包括FSC曲线、分辨率估计、图谱-模型相关性、B因子、几何验证和质量评分。返回全面的质量指标，用于评估结构可靠性、识别伪影以及与其他结构进行比较。在使用结构进行药物设计或机制研究前，可用此工具评估数据质量。,,未实现
生物医药,获取电镜样本信息,数据分析,脚本,获取EMDB条目的详细样本制备信息，包括大分子组成、生物来源、表达系统、分子量、寡聚状态和配体。返回对理解结构生理相关性、复合物组装和结合伙伴至关重要的生物学背景信息。用于结构分析前了解样本制备情况。,,未实现
生物医药,获取电镜结构数据,数据分析,脚本,从电子显微镜数据库(EMDB)获取三维电子显微镜(EM)结构数据。返回冷冻电镜结构元数据，包括分辨率(以Å为单位)、成像方法、生物体、分子细节、体素尺寸、地图下载URL以及与PDB条目的交叉引用。用于结构生物学研究、比较蛋白质构象、药物设计以及下载电子密度图进行可视化或模型拟合。,,未实现
生物医药,获取疾病详细信息,数据分析,脚本,通过GtoPdb疾病ID获取特定疾病的详细信息，返回疾病描述、相关药理靶点、治疗性配体（包括已批准药物）以及数据库交叉引用。需使用GtoPdb_list_diseases获取疾病ID，对寻找特定疾病的药物靶点和治疗方案至关重要。,,未实现
生物医药,获取癌症研究列表,数据分析,脚本,从cBioPortal获取癌症研究列表,,未实现
生物医药,获取相互作用分子详情,数据分析,脚本,通过IntAct标识符（如'EBI-1004115'）从IntAct数据库获取特定相互作用分子的详细信息。注意：需要使用IntAct专用标识符，而非UniProt ID。如需使用UniProt ID，请改用intact_get_interactions工具。返回信息包括分子名称、别名、生物体及交叉引用等。,,未实现
生物医药,获取相互作用网络,数据分析,脚本,获取以特定相互作用体为中心的相互作用网络，返回可配置深度（直接相互作用或扩展网络）的相互作用网络。接受IntAct标识符（如'EBI-1004115'）、UniProt ID（如'P04637'）或基因名称。注意：对于特定相互作用的网络，请使用intact_get_interactions或intact_search_interactions结果中的相互作用ID。,,未实现
生物医药,获取相互作用详情,数据分析,脚本,通过IntAct相互作用ID获取特定相互作用的详细信息。,,未实现
生物医药,获取细胞系信息,数据分析,脚本,通过Cellosaurus编号（CVCL_格式）获取特定细胞系的详细信息,,未实现
生物医药,获取结构解析软件,数据分析,脚本,根据PDB ID检索结构解析过程中使用的软件名称,,未实现
生物医药,获取聚合物实体关联基因名称,数据分析,脚本,检索与聚合物实体关联的基因名称,,未实现
生物医药,获取聚合物实体实例序列位置特征,数据分析,脚本,检索聚合物实体实例的序列位置特征（如结合位点、基序等）。,,未实现
生物医药,获取聚合物实体注释,数据分析,脚本,检索聚合物实体的功能注释（Pfam结构域、GO术语）及关联的UniProt登录号,,未实现
生物医药,获取药品主展示面板信息,数据分析,脚本,根据药品名称检索产品包装主展示面板的内容,,未实现
生物医药,获取药品患者说明书,数据分析,脚本,根据药品名称检索患者说明书信息,,未实现
生物医药,获取药物-基因相互作用,数据分析,脚本,从DGIdb数据库中获取指定基因列表的药物-基因相互作用信息，返回靶向每个基因的药物、相互作用类型及证据来源。,,未实现
生物医药,获取药物不良反应事件,数据分析,脚本,根据药物ChEMBL ID检索报告的重要不良反应事件,,未实现
生物医药,获取药物临床试验信息,数据分析,脚本,根据药物名称检索临床试验信息,,未实现
生物医药,获取药物作用机制,数据分析,脚本,通过ChEMBL药物ID查询药物的作用机制。如需查找药物ID，请使用药物名称检索工具ChEMBL_search_drugs。,,未实现
生物医药,获取药物使用注意事项,数据分析,脚本,检索特定药物的副作用信息及使用期间需避免的物质或活动。,,未实现
生物医药,获取药物使用说明,数据分析,脚本,根据药物名称检索使用说明信息,,未实现
生物医药,获取药物信息,数据分析,脚本,从DGIdb数据库获取药物信息，包括靶基因及相互作用详情。,,未实现
生物医药,获取药物儿童安全信息,数据分析,脚本,根据药物名称检索其儿童安全相关信息,,未实现
生物医药,获取药物其他安全信息,数据分析,脚本,根据药物名称检索可能未在其他字段中明确指定的安全信息,,未实现
生物医药,获取药物剂量与储存信息,数据分析,脚本,检索特定药物的剂量与储存信息,,未实现
生物医药,获取药物动物药理学信息,数据分析,脚本,根据药物名称检索动物药理学与毒理学信息,,未实现
生物医药,获取药物基因组学剂量指南,数据分析,脚本,从PharmGKB数据库获取临床药物基因组学实施联盟(CPIC)和荷兰药物基因组学工作组(DPWG)发布的药物基因组学剂量指南。,,未实现
生物医药,获取药物安全摘要,数据分析,脚本,根据药物名称检索安全性和有效性信息摘要,,未实现
生物医药,获取药物常规注意事项,数据分析,脚本,根据药物名称检索常规注意事项信息,,未实现
生物医药,获取药物指南信息,数据分析,脚本,根据药物名称检索药物指南信息,,未实现
生物医药,获取药物标准名称,数据分析,脚本,通过药物名称获取其RXCUI（RxNorm概念唯一标识符）及所有关联名称（通用名、商品名、同义词等）。该工具使用美国国家医学图书馆（NLM）的RxNorm API实现药物名称标准化。,,未实现
生物医药,获取药物标签生效时间,数据分析,脚本,根据药物名称检索标签文档的生效时间,,未实现
生物医药,获取药物相关文献,数据分析,脚本,根据药物chemblID检索相关文献，包括PubMed ID和发表日期。,,未实现
生物医药,获取药物相关配件信息,数据分析,脚本,根据药物名称检索相关配件信息,,未实现
生物医药,获取药物给药途径信息,数据分析,脚本,根据药物名称检索给药途径信息,,未实现
生物医药,获取药物药效学信息,数据分析,脚本,根据药物名称检索药效学信息,,未实现
生物医药,获取药物警示信息,数据分析,脚本,根据药物名称检索其相关的警示与注意事项信息。,,未实现
生物医药,获取药物详细信息,数据分析,脚本,通过PharmGKB化学ID获取药物的详细信息，包括结构信息、交叉引用和相关基因。,,未实现
生物医药,获取药物适应症,数据分析,脚本,根据药物ChEMBL ID查询可治疗的疾病/表型信息,,未实现
生物医药,获取药物适应症信息,数据分析,脚本,通过ChEMBL ID检索药物的获批适应症详细信息。,,未实现
生物医药,获取药物非临床毒理学信息,数据分析,脚本,根据药物名称检索非临床毒理学信息,,未实现
生物医药,获取药物黑框警告信息,数据分析,脚本,检索特定药物的黑框警告和不良反应信息。,,未实现
生物医药,获取蛋白互作信息,数据分析,脚本,通过标识符获取特定相互作用体（蛋白或基因）的所有互作信息。使用EBI搜索API（IntAct数据库）确保可靠访问。返回包含互作ID（如'EBI-366083-EBI-366083'）的互作列表，这些ID可用于其他工具获取详细信息。,,未实现
生物医药,获取蛋白表位序列,数据分析,脚本,获取蛋白质的表位序列，返回B细胞和T细胞表位信息及抗原性预测，支持批量操作（传入一组UniProt编号或逗号分隔的字符串可并行查询多个蛋白质）。,,未实现
生物医药,获取蛋白质交叉引用,数据分析,脚本,从Proteins API获取蛋白质的交叉引用信息，包括与其他数据库（如Ensembl、PDB、Reactome、EMBL、RefSeq等）的链接。支持批量操作：可通过传递一个列表或以逗号分隔的字符串来并行检索多个蛋白质。注意：此工具从主蛋白质端点提取交叉引用信息（单独的xrefs端点不可用）。返回数据库交叉引用记录。,,未实现
生物医药,获取蛋白质基因组映射,数据分析,脚本,通过蛋白质API获取蛋白质的参考基因组映射。支持批量操作：传入一个列表或逗号分隔的字符串以并行检索多个蛋白质。该工具从主蛋白质端点提取基因组相关的交叉引用（Ensembl、RefSeq、EMBL、GenBank），其中可能包含基因组位置信息。注意：单独的基因组端点不可用，因此该工具从主蛋白质数据中提取基因组相关的交叉引用。使用UniProt或EBI搜索（domain='uniprot'）查找如'P05067'或'P04637'等编号。,,未实现
生物医药,获取蛋白质复合体信息,数据分析,脚本,通过复合体稳定ID获取蛋白质复合体的详细信息，返回包括亚基、细胞定位和相关信息的全面复合体数据，使用适用于所有实体类型的统一查询端点。,,未实现
生物医药,获取蛋白质复合物详情,数据分析,脚本,通过复合物AC（Complex Accession，如'CPX-915'）获取特定蛋白质复合物的详细信息。返回包括：复合物AC、名称、别名、系统名称、功能、特性、物种、配体、复合物组装、参与者（含相互作用分子详情）及相关疾病等完整信息。需先使用`intact_get_interactions_by_complex`搜索获取复合物AC。,,未实现
生物医药,获取蛋白质相关文献,数据分析,脚本,从Proteins API获取与蛋白质相关的文献。支持批量操作：传入一个accession列表或逗号分隔的字符串以并行检索多个蛋白质。返回与UniProt accession关联的文献引用，包括PubMed ID和引用详情。注意：该工具从主蛋白质端点提取文献（单独的文献端点不可用）。返回所有文献引用。,,未实现
生物医药,获取蛋白质组信息,数据分析,脚本,通过蛋白质组ID获取蛋白质组信息。返回全面的蛋白质组数据，包括分类学信息、组分、基因/蛋白质计数和注释评分。蛋白质组ID通常采用UP000005640（人类）、UP000000589（小鼠）等格式。可使用UniProt搜索功能配合蛋白质组筛选器查找特定生物的蛋白质组ID。,,未实现
生物医药,获取蛋白质组装摘要,数据分析,脚本,获取与PDB条目关联的蛋白质组装关键组成与对称性摘要,,未实现
生物医药,获取蛋白质结构域注释,数据分析,脚本,通过UniProt蛋白质ID从InterPro数据库获取蛋白质结构域注释。返回结构域家族、特征序列和功能注释信息。,,未实现
生物医药,获取蛋白质结构聚合物实体数量,数据分析,脚本,获取结构中不同聚合物实体（链）的数量,,未实现
生物医药,获取蛋白质翻译后修饰与加工位点,数据分析,脚本,从UniProtKB条目中提取所有翻译后修饰(PTM)和加工位点(特征类型包括MODIFIED RESIDUE、SIGNAL等),,未实现
生物医药,获取表位关联抗原,数据分析,脚本,根据表位structure_id获取关联抗原信息（IEDB查询API）。返回结果包含parent_source_antigen_iri（抗原标识符），可用于其他筛选/搜索。,,未实现
生物医药,获取表位相关文献,数据分析,脚本,根据表位结构ID（structure_id）获取关联的文献引用（使用IEDB查询API）。返回结果包含reference_id字段，可通过iedb_search_references工具进一步获取文献标题和PubMed ID。,,未实现
生物医药,获取转录因子结合位点矩阵,数据分析,脚本,从JASPAR数据库中列出转录因子结合位点矩阵（PFMs/PWMs元数据）。用于浏览矩阵并获取`matrix_id`值，供下游工具（如`jaspar_get_matrix`）使用。,,未实现
生物医药,获取转录本信息,数据分析,脚本,通过Ensembl转录本ID（如ENST...）从gnomAD获取基本转录本元数据，响应包含关联的基因对象（基因ID+符号），可使用gnomad_get_gene查找基因的canonical_transcript_id。,,未实现
生物医药,获取通路反应信息,数据分析,脚本,通过通路稳定ID查询通路包含的所有反应及子通路，返回通路中的事件列表（反应和子通路），包括其元数据和关联关系。,,未实现
生物医药,获取通路层级关系,数据分析,脚本,获取指定通路的层级关系（父通路），返回父通路列表。,,未实现
生物医药,获取通路详细信息,数据分析,脚本,通过通路稳定ID获取特定通路的详细信息。返回包括元数据、区室、文献引用、同源事件及相关通路在内的全面通路数据。使用适用于所有实体类型的统一查询端点。,,未实现
生物医药,获取遗传病详细信息,数据分析,脚本,根据遗传病名称从MedlinePlus Genetics获取详细信息，支持JSON或XML格式返回。,,未实现
生物医药,获取酶分类编号,数据分析,脚本,根据实体ID检索酶分类委员会(EC)编号,,未实现
生物医药,获取靶点化学探针,数据分析,脚本,通过靶点的Ensembl ID检索其关联的化学探针,,未实现
生物医药,获取靶点同源基因,数据分析,脚本,通过Ensembl ID获取特定靶点的同源基因,,未实现
生物医药,获取靶点基因组位置,数据分析,脚本,检索特定靶点的基因组位置数据，包括染色体、起始位点、终止位点和链信息。,,未实现
生物医药,获取靶点安全特征,数据分析,脚本,检索特定靶点Ensembl ID的已知安全风险特征,,未实现
生物医药,获取靶点生物活性数据,数据分析,脚本,通过ChEMBL靶点ID获取该靶点的所有生物活性数据，返回针对该靶点测试的分子生物活性测量值（如IC50、Ki等）。如需查找靶点ID，请使用靶点名称或基因符号通过ChEMBL靶点搜索工具查询。,,未实现
生物医药,获取靶点相关实验,数据分析,脚本,通过ChEMBL靶点ID获取与该靶点相关的所有实验。如需查找靶点ID，可使用ChEMBL_search_targets工具输入靶点名称或基因符号进行查询。,,未实现
生物医药,获取靶点详细信息,数据分析,脚本,通过ChEMBL靶点ID获取靶点（蛋白质、基因等）的详细信息。如需查找靶点ID，请使用靶点名称或基因符号通过ChEMBL_search_targets工具查询。,,未实现
生物医药,获取靶点赋能包信息,数据分析,脚本,检索与特定靶点Ensembl ID关联的靶点赋能包(TEP)信息,,未实现
生物医药,获取靶点辅因子信息,数据分析,脚本,检索给定靶点的关键辅因子信息，包括辅因子ID、作用机制、文献引用和资源元数据。,,未实现
生物医药,获取靶点遗传约束信息,数据分析,脚本,通过Ensembl ID检索特定靶点的遗传约束信息，包括期望值、观测值及相关评分。,,未实现
生物医药,获取靶点配体相互作用,数据分析,脚本,通过GtoPdb靶点ID获取特定靶点的所有配体相互作用数据。返回包括亲和力测量值、作用类型、内源性配体和效力排序等详细信息。可用于查找靶点的所有已知配体、比较结合亲和力或识别最有效的激动剂/拮抗剂。,,未实现
生物医药,蛋白质三维结构可视化,数据分析,脚本,使用py3Dmol展示蛋白质三维结构。支持PDB ID、PDB文件内容及多种可视化样式（包括卡通、表面和棍棒模型）。,,未实现
生物医药,蛋白质信息查询,数据分析,脚本,通过UniProt编号从Proteins API获取全面的蛋白质信息，返回蛋白质注释、序列、特征和交叉引用。支持批量操作，传入编号列表或逗号分隔的字符串可并行获取多个蛋白质数据。,,未实现
生物医药,蛋白质序列比对,数据分析,脚本,使用NCBI BLAST的blastp算法在蛋白质数据库中搜索相似序列,,已实现
生物医药,蛋白质检索,数据分析,脚本,在蛋白质API中检索蛋白质。返回与查询匹配的搜索结果。注意：蛋白质API搜索端点可能存在限制。如需可靠的蛋白质检索，建议改用ebi_search_domain工具并设置domain='uniprot'。本工具尝试通过名称或编号进行搜索，但可能不适用于所有查询类型。,,未实现
生物医药,蛋白质组学数据检索,数据分析,脚本,检索PRIDE数据库中的蛋白质组学实验与质谱数据集。返回项目元数据，包括登录号(PXD...)、物种、组织类型、仪器、发表日期及文件数量。可用于发现蛋白质表达数据、翻译后修饰研究及可下载的原始文件进行再分析。,,未实现
生物医药,蛋白质组学数据获取,数据分析,脚本,获取蛋白质组学数据，包括质谱证据、翻译后修饰位点和表达数据。支持批量操作：传入一个蛋白质编号列表或以逗号分隔的字符串可并行检索多个蛋白质。注：本工具从主蛋白质接口提取组学相关数据（单独的组学接口不可用）。返回结果包含翻译后修饰注释、修饰残基及相关特征信息。,,未实现
生物医药,蛋白质结构域检索,数据分析,脚本,在InterPro数据库中通过名称或编号搜索蛋白质结构域和家族，返回匹配的结构域条目及其元数据。,,未实现
生物医药,蛋白质结构渲染工具,数据可视化,脚本,支持从PDB格式导入并可视化蛋白质三维结构。,,未实现
生物医药,蛋白质资料提取工具,信息检索,脚本,基于蛋白质ID快速获取其功能注释、亚细胞定位、组织表达及疾病关联信息。（磐石：支持对话调用）,,未实现
生物医药,解析STITCH标识符,数据分析,脚本,将化学物质或蛋白质名称解析为STITCH数据库标识符，用于将常用名称映射到数据库ID,stitch,未实现
生物医药,跨域交叉引用检索,数据分析,脚本,搜索EBI数据库间的交叉引用关系，查找一个域中引用另一个域条目的记录（例如，查找被Ensembl基因引用的UniProt条目）。,,未实现
生物医药,过量信息检索药物名称,数据分析,脚本,根据急性过量的体征、症状和实验室检查结果信息检索药物名称,,未实现
生物医药,通过ChEMBL实验ID获取实验数据,数据分析,脚本,通过ChEMBL实验ID获取实验的详细信息。如需查找实验ID，请使用ChEMBL搜索实验或ChEMBL获取靶点相关实验。,chemblId,未实现
生物医药,通过Ensembl ID获取HPA基因TSV数据,数据分析,脚本,通过Ensembl基因ID从人类蛋白质图谱(HPA)获取详细的基因TSV格式数据(向后兼容工具),ensemblIdHpaTsv,未实现
生物医药,通过Ensembl ID获取基因基础信息,数据分析,脚本,使用Ensembl基因ID从人类蛋白质图谱数据库获取基因基础信息和表达数据。增强版现已采用高效的JSON API。,ensemblId,未实现
生物医药,通过Ensembl ID获取基因详细信息,数据分析,脚本,通过Ensembl基因ID获取基因页面的详细深度信息，包括图像URL、抗体数据、蛋白质表达和综合信息。这是检索所有图像（组织免疫组化、亚细胞免疫荧光）的核心工具。,ensemblId,未实现
生物医药,通过GO ID查询基因本体术语,数据分析,脚本,根据GO ID列表检索对应的基因本体术语,goId,未实现
生物医药,通过HPO ID列表检索关联疾病,数据分析,脚本,通过HPO ID列表检索与一组表型或症状相关联的疾病,hpoId,未实现
生物医药,通过PDB ID查询宿主生物,数据分析,脚本,获取PDB条目中用于蛋白质表达的宿主生物信息,pdbId,未实现
生物医药,通过PDB ID获取EMDB ID,数据分析,脚本,检索与PDB条目关联的电子显微镜数据库(EMDB)标识符,pdbIdEmdbId,未实现
生物医药,通过PDB ID获取分类信息,数据分析,脚本,获取与PDB条目关联的生物体的学名和分类信息。,pdbId,未实现
生物医药,通过PDB ID获取序列,数据分析,脚本,根据给定的PDB结构ID检索聚合物实体（蛋白质或核酸）的氨基酸或核苷酸序列,pdbId,未实现
生物医药,通过PDB ID获取文献信息,数据分析,脚本,根据给定的PDB结构ID检索其文献信息（作者、期刊、年份）。,pdbId,未实现
生物医药,通过PDB ID获取晶体学性质,数据分析,脚本,根据PDB ID检索晶体学性质，包括晶胞尺寸和空间群等信息。,pdbId,未实现
生物医药,通过PDB ID获取来源生物体,数据分析,脚本,根据给定的PDB结构ID检索来源生物体的学名,pdbId,未实现
生物医药,通过PDB ID获取突变注释,数据分析,脚本,根据给定的PDB结构检索突变注释信息。,pdbId,未实现
生物医药,通过PDB ID获取结合亲和力常数,数据分析,脚本,检索与PDB条目中配体相关的结合亲和力常数（Kd、Ki、IC50）,pdbId,未实现
生物医药,通过PDB ID获取蛋白质分类,数据分析,脚本,获取蛋白质结构的分类信息（如转移酶、氧化还原酶等）。,pdbId,未实现
生物医药,通过PDB ID获取蛋白质结构元数据,数据分析,脚本,获取蛋白质结构的基本元数据，包括结构标题、实验方法、分辨率和初始发布日期。,pdbId,未实现
生物医药,通过SPL ID获取药物名称,数据分析,脚本,根据FDA申请号、NUI唯一标识符、药物结构化产品标签(SPL)特定版本的文档ID或跨标签版本的SPL集合ID，检索药物名称,splId,未实现
生物医药,通过rsID查询GWAS SNP,数据分析,脚本,通过dbSNP rs标识符获取特定的GWAS SNP。,rsidGwasSnp,未实现
生物医药,通过rsID查询变异信息,数据分析,脚本,通过dbSNP数据库中的rsID获取变异信息，返回基因组坐标、等位基因及基本变异信息。,rsid,未实现
生物医药,通过复合物查询蛋白互作,数据分析,脚本,使用IntAct数据库的复合物网络服务搜索蛋白复合物。接受复合物名称（如'TP53'、'ndc80'）、复合物AC编号（如'CPX-915'）或基因名称。返回包含复合物AC编号、名称、描述、生物体和相互作用蛋白的信息。注意：此工具搜索复合物而非直接相互作用。要查找涉及复合物的相互作用，请使用复合物名称或AC编号配合`intact_search_interactions`工具。,,未实现
生物医药,通过实体ID获取UniProt登录号,数据分析,脚本,获取与特定聚合物实体相关联的UniProt登录号,idUniprot,未实现
生物医药,通过疾病名称查询EFO ID,数据分析,脚本,遗留工具，用于通过EMBL-EBI OLS搜索从疾病名称查找EFO术语ID。如需更丰富的本体数据（IRI、同义词、子项），请使用efo_tools.json中的新版ols_*工具。,efoId,未实现
生物医药,通过药品名称查询制造商与NDC编码,数据分析,脚本,根据药品名称检索其活性成分、FDA申请号、制造商名称、国家药品编码(NDC)及给药途径等详细信息。,ndc,未实现
生物医药,通过药物ChEMBL ID获取关联靶点,数据分析,脚本,根据药物的作用机制，检索与其ChEMBL ID关联的靶点列表。,chemblId,未实现
生物医药,靶点-疾病关联证据查询,数据分析,脚本,探索支持特定靶点-疾病关联的证据。输入为疾病EFO ID和靶点Ensembl ID。,,未实现
生物医药,靶点可成药性评估工具,数据分析,脚本,检索特定靶点Ensembl ID的可成药性评估，包括治疗方式和评估值。,,未实现
